<?xml version="1.0" encoding="UTF-8" standalone="yes"?>
<addon id="repository.daawo" name="Daawo Tv Addon Repository" version="1.0" provider-name="DaawoTv">

	<extension point="xbmc.addon.repository" name="Daawo Tv Addon Repository">
		<dir>		
			<info compressed="false">https://raw.githubusercontent.com/xamarcade/Daawo-repo/master/addons.xml</info>
			<checksum>https://raw.githubusercontent.com/xamarcade/Daawo-repo/master/addons.xml.md5</checksum>
			<datadir zip="true">https://github.com/xamarcade/Daawo-repo/blob/master/zips</datadir>
		</dir>
	</extension>
	
	<extension point="xbmc.addon.metadata">
		<summary>Addons related to XBMC for DaawoTv</summary>
		<description>Go though the plugins and see what you like</description>
		<platform>all</platform>
	</extension>
</addon>





