<?xml version="1.0" encoding="UTF-8" standalone="yes"?>
<addon id="plugin.video.DaawoTV" name="Daawo TV" version="1.3.0" provider-name="Daawo TV">
	<requires>
		<import addon="xbmc.python" version="2.20.0"/>
		<import addon="script.module.urlresolver" version="1.0.0"/>
		<import addon="plugin.video.youtube" version="6.3.1"/>
	</requires>
  
  <extension point="xbmc.python.pluginsource" library="default.py">
        <provides>video</provides>
  </extension>
  
  <extension point="xbmc.addon.metadata">
		<summary>dramasonline.com XBMC Client</summary>
		<description>Watch dramasonline.com on your XBMC. This plugin fetches the video sources from dramasonline.com and play on XBMC compatible plateforms</description>
		<platform>all</platform>
  </extension>
</addon>