<?xml version="1.0" encoding="UTF-8" standalone="yes"?>
<addon id="plugin.video.DaawoTV"
       name="DaawoTV"
       version="1.3.0"
       provider-name="DaawoTV">
  <requires>
    <import addon="xbmc.python" version="2.1.0"/>

  </requires>
  <extension point="xbmc.python.pluginsource"
            library="default.py">
        <provides>video</provides>
  </extension>
  <extension point="xbmc.addon.metadata">
    <summary>Daawo TV XBMC International Streams</summary>
    <description>International livestreams, nothing hosted by this addon, everything is from different sites</description>
    <platform>all</platform>
  </extension>
</addon>
