<categories>
<category>
	<id>all</id>
	<catname>All</catname>
	<imageurl>http://icons.iconarchive.com/icons/dailyoverview/tv/96/television-08-icon.png</imageurl>
</category>

-<category>
	<id>somalia</id>
	<catname>Somalia</catname>
	<imageurl>http://img.freeflagicons.com/thumb/glossy_square_icon_3d/somalia/somalia_640.png</imageurl>
</category>
-<category>
	<id>yemen</id>
	<catname>Yemen</catname>
	<imageurl>http://img.freeflagicons.com/thumb/glossy_square_icon_3d/yemen/yemen_640.png</imageurl>
</category>

<category>
	<id>Indian</id>
	<catname>Indian</catname>
	<imageurl>http://img.freeflagicons.com/thumb/glossy_square_icon_3d/india/india_640.png</imageurl>
</category>

<category>
	<id>Italy</id>
	<catname>Italy</catname>
	<imageurl>http://img.freeflagicons.com/thumb/glossy_square_icon_3d/italy/italy_640.png</imageurl>
</category>

<category>
	<id>Scandinavian</id>
	<catname>Scandinavian</catname>
	<imageurl>https://rlv.zcache.com/scandinavian_flags_quartet_postcard-r1f567b5c4cfc4858aa0a104691ac55f3_vgbaq_8byvr_324.jpg</imageurl>
</category>

<category>
	<id>ent</id>
	<catname>Entertainment</catname>
	<imageurl>https://thumbs.dreamstime.com/x/entertainment-folder-22902142.jpg</imageurl>
</category>

<category>
	<id>drama</id>
	<catname>Drama</catname>
	<imageurl>http://icons.iconarchive.com/icons/arkangl300/zero-folders/256/videos-icon.png</imageurl>
</category>

<category>
	<id>sports</id>
	<catname>Sports</catname>
	<imageurl>http://icons.iconarchive.com/icons/yingfengling-fl/i-love-sports/256/soccer-icon.png</imageurl>
</category>

<category>
	<id>kids</id>
	<catname>Kids</catname>
	<imageurl>http://icons.iconarchive.com/icons/softskin/series-folder/256/Folder-TV-Disney-icon.png</imageurl>
</category>

<category>
	<id>islam</id>
	<catname>Islamic</catname>
	<imageurl>http://icons.iconarchive.com/icons/designbolts/religious-symbol/256/Islam-Crescent-icon.png</imageurl>
</category>

<category>
	<id>North Africa</id>
	<catname>North Africa</catname>
	<imageurl>http://store1.up-00.com/2016-08/1470331935361.png</imageurl>
</category>

<category>
	<id>egypt</id>
	<catname>Egypt</catname>
	<imageurl>http://img.freeflagicons.com/thumb/glossy_square_icon_3d/egypt/egypt_640.png</imageurl>
</category>

<category>
	<id>Iraq</id>
	<catname>Iraq</catname>
	<imageurl>http://img.freeflagicons.com/thumb/glossy_square_icon_3d/iraq/iraq_640.png</imageurl>
</category>
<category>
	<id>gulf</id>
	<catname>Gulf</catname>
	<imageurl>http://img.freeflagicons.com/thumb/glossy_square_icon_3d/saudi_arabia/saudi_arabia_640.png</imageurl>
</category>
<category>
	<id>sham</id>
	<catname>AlSham</catname>
	<imageurl>http://img.freeflagicons.com/thumb/glossy_square_icon_3d/lebanon/lebanon_640.png</imageurl>
</category>

<category>
	<id>news</id>
	<catname>News</catname>
	<imageurl>http://icons.iconarchive.com/icons/pelfusion/long-shadow-ios7/256/News-icon.png</imageurl>
</category>

<category>
	<id>doc</id>
	<catname>Documentary</catname>
	<imageurl>http://icons.iconarchive.com/icons/lajonard/movie-folder/256/Documentary-icon.png</imageurl>
</category>

</categories>
