<streamingInfos>
<!-- SportChannels Start -->
<!--
<streaminginfo>
	<cname>Bein Sport 01</cname>
	<item>
	<title>Low</title>
    	<link>plugin://plugin.video.f4mTester/?url=http://ipsatpro.info:8000/live/190zih8du18vsyyf/190zih8du18vsyyf/2472.ts&amp;streamtype=TSDOWNLOADER|User-Agent=Mozilla/5.0 (iPad; CPU OS 6_0 like Mac OS X) AppleWebKit/536.26 (KHTML, like Gecko) Version/6.0 Mobile/10A5376e Safari/8536.25</link>
	</item>
</streaminginfo>
<streaminginfo>
	<cname>Bein Sport 01</cname>
	<item>
	<title>Med</title>
	<link>http://hadethsat.dyndns.tv:2086/live/petra_6MCYeW/urB6J62J/21443.m3u8</link>
	</item>
</streaminginfo>
<streaminginfo>
	<cname>Bein Sport 01</cname>
	<item>
	<title>High 2</title>
	<link>plugin://plugin.video.f4mTester/?url=http://m-iptv.net:6204/prQ8aKxwD2/gxP2nrNcex/9022&amp;streamtype=TSDOWNLOADER|User-Agent=Mozilla/5.0 (iPad; CPU OS 6_0 like Mac OS X) AppleWebKit/536.26 (KHTML, like Gecko) Version/6.0 Mobile/10A5376e Safari/8536.25</link>
	</item>
</streaminginfo>
 -->
<streaminginfo>
	<cname>Bein Sport 01</cname>
	<item>
	<title>High</title>
   	<!--<link>http://wygatv.com:4646/live/WyGaTv1537541616/5ba505f0d7bf2/1032.m3u8</link>-->
	<link>plugin://plugin.video.f4mTester/?url=http://sensei-iptv.cf:8000/live/driss/sadik-xy/1.ts&amp;streamtype=TSDOWNLOADER|User-Agent=Mozilla/5.0 (iPad; CPU OS 6_0 like Mac OS X) AppleWebKit/536.26 (KHTML, like Gecko) Version/6.0 Mobile/10A5376e Safari/8536.25</link>
	</item>
</streaminginfo>
	<!--
<streaminginfo>
	<cname>Bein Sport 02</cname>
	<item>
	<title>Low</title>
    	<link>plugin://plugin.video.f4mTester/?url=http://ipsatpro.info:8000/live/190zih8du18vsyyf/190zih8du18vsyyf/2473.ts&amp;streamtype=TSDOWNLOADER|User-Agent=Mozilla/5.0 (iPad; CPU OS 6_0 like Mac OS X) AppleWebKit/536.26 (KHTML, like Gecko) Version/6.0 Mobile/10A5376e Safari/8536.25</link>
	</item>
</streaminginfo>
<streaminginfo>
	<cname>Bein Sport 02</cname>
	<item>
	<title>Med</title>
     	<link>plugin://plugin.video.f4mTester/?url=http://hadethsat.dyndns.tv:2086/live/petra_6MCYeW/urB6J62J/21442.ts&amp;streamtype=TSDOWNLOADER|User-Agent=Mozilla/5.0 (iPad; CPU OS 6_0 like Mac OS X) AppleWebKit/536.26 (KHTML, like Gecko) Version/6.0 Mobile/10A5376e Safari/8536.25</link>
	</item>
</streaminginfo>
	-->
<streaminginfo>
	<cname>Bein Sport 02</cname>
	<item>
	<title>High 2</title>
	<link>plugin://plugin.video.f4mTester/?url=http://m-iptv.net:6204/prQ8aKxwD2/gxP2nrNcex/9021&amp;streamtype=TSDOWNLOADER|User-Agent=Mozilla/5.0 (iPad; CPU OS 6_0 like Mac OS X) AppleWebKit/536.26 (KHTML, like Gecko) Version/6.0 Mobile/10A5376e Safari/8536.25</link>
	</item>
</streaminginfo>
<streaminginfo>
	<cname>Bein Sport 02</cname>
	<item>
	<title>High</title>
    	<!--<link>http://wygatv.com:4646/live/WyGaTv1537541616/5ba505f0d7bf2/1033.m3u8</link>-->
	<link>plugin://plugin.video.f4mTester/?url=http://wygatv.com:4646/live/WyGaTv1537541616/5ba505f0d7bf2/1033.ts&amp;streamtype=TSDOWNLOADER|User-Agent=Mozilla/5.0 (iPad; CPU OS 6_0 like Mac OS X) AppleWebKit/536.26 (KHTML, like Gecko) Version/6.0 Mobile/10A5376e Safari/8536.25</link>
	</item>
</streaminginfo>		
<!--
<streaminginfo>
	<cname>Bein Sport 03</cname>
	<item>
	<title>Low</title>
    	<link>plugin://plugin.video.f4mTester/?url=http://ipsatpro.info:8000/live/190zih8du18vsyyf/190zih8du18vsyyf/2481.ts&amp;streamtype=TSDOWNLOADER|User-Agent=Mozilla/5.0 (iPad; CPU OS 6_0 like Mac OS X) AppleWebKit/536.26 (KHTML, like Gecko) Version/6.0 Mobile/10A5376e Safari/8536.25</link>
	</item>
</streaminginfo>

<streaminginfo>
	<cname>Bein Sport 03</cname>
	<item>
	<title>Med</title>
    	<link>http://hadethsat.dyndns.tv:2086/live/petra_6MCYeW/urB6J62J/21441.m3u8</link>
	</item>
</streaminginfo>
	-->
<streaminginfo>
	<cname>Bein Sport 03</cname>
	<item>
	<title>High 2</title>
	<link>plugin://plugin.video.f4mTester/?url=http://m-iptv.net:6204/prQ8aKxwD2/gxP2nrNcex/9020&amp;streamtype=TSDOWNLOADER|User-Agent=Mozilla/5.0 (iPad; CPU OS 6_0 like Mac OS X) AppleWebKit/536.26 (KHTML, like Gecko) Version/6.0 Mobile/10A5376e Safari/8536.25</link>
	</item>
</streaminginfo>
<streaminginfo>
	<cname>Bein Sport 03</cname>
	<item>
	<title>High</title>
    	<!--<link>http://wygatv.com:4646/live/WyGaTv1537541616/5ba505f0d7bf2/1034.m3u8</link>-->
	<link>plugin://plugin.video.f4mTester/?url=http://wygatv.com:4646/live/WyGaTv1537541616/5ba505f0d7bf2/1034.ts&amp;streamtype=TSDOWNLOADER|User-Agent=Mozilla/5.0 (iPad; CPU OS 6_0 like Mac OS X) AppleWebKit/536.26 (KHTML, like Gecko) Version/6.0 Mobile/10A5376e Safari/8536.25</link>
	</item>
</streaminginfo>
<!--
<streaminginfo>
	<cname>Bein Sport 04</cname>
	<item>
	<title>Low</title>
    	<link>plugin://plugin.video.f4mTester/?url=http://ipsatpro.info:8000/live/190zih8du18vsyyf/190zih8du18vsyyf/2474.ts&amp;streamtype=TSDOWNLOADER|User-Agent=Mozilla/5.0 (iPad; CPU OS 6_0 like Mac OS X) AppleWebKit/536.26 (KHTML, like Gecko) Version/6.0 Mobile/10A5376e Safari/8536.25</link>
	</item>
</streaminginfo>
<streaminginfo>
	<cname>Bein Sport 04</cname>
	<item>
	<title>Med</title>
    	<link>http://hadethsat.dyndns.tv:2086/live/petra_6MCYeW/urB6J62J/21440.m3u8</link>
	</item>
</streaminginfo>
-->
<streaminginfo>
	<cname>Bein Sport 04</cname>
	<item>
	<title>High 2</title>
	<link>plugin://plugin.video.f4mTester/?url=http://m-iptv.net:6204/prQ8aKxwD2/gxP2nrNcex/9019&amp;streamtype=TSDOWNLOADER|User-Agent=Mozilla/5.0 (iPad; CPU OS 6_0 like Mac OS X) AppleWebKit/536.26 (KHTML, like Gecko) Version/6.0 Mobile/10A5376e Safari/8536.25</link>
	</item>
</streaminginfo>
<streaminginfo>
	<cname>Bein Sport 04</cname>
	<item>
	<title>High</title>
    	<!--<link>http://wygatv.com:4646/live/WyGaTv1537541616/5ba505f0d7bf2/1035.m3u8</link>-->
	<link>plugin://plugin.video.f4mTester/?url=http://wygatv.com:4646/live/WyGaTv1537541616/5ba505f0d7bf2/1035.ts&amp;streamtype=TSDOWNLOADER|User-Agent=Mozilla/5.0 (iPad; CPU OS 6_0 like Mac OS X) AppleWebKit/536.26 (KHTML, like Gecko) Version/6.0 Mobile/10A5376e Safari/8536.25</link>
	</item>
</streaminginfo>
<!--
<streaminginfo>
	<cname>Bein Sport 05</cname>
	<item>
	<title>Low</title>
    <link>plugin://plugin.video.f4mTester/?url=http://ipsatpro.info:8000/live/190zih8du18vsyyf/190zih8du18vsyyf/2475.ts&amp;streamtype=TSDOWNLOADER|User-Agent=Mozilla/5.0 (iPad; CPU OS 6_0 like Mac OS X) AppleWebKit/536.26 (KHTML, like Gecko) Version/6.0 Mobile/10A5376e Safari/8536.25</link>
	</item>
</streaminginfo>
<streaminginfo>
	<cname>Bein Sport 05</cname>
	<item>
	<title>Med</title>
    	<link>http://hadethsat.dyndns.tv:2086/live/petra_6MCYeW/urB6J62J/21439.m3u8</link>
	</item>
</streaminginfo>
	-->
<streaminginfo>
	<cname>Bein Sport 05</cname>
	<item>
	<title>High</title>
    	<!--<link>http://wygatv.com:4646/live/WyGaTv1537541616/5ba505f0d7bf2/1036.m3u8</link>-->
	<link>plugin://plugin.video.f4mTester/?url=http://wygatv.com:4646/live/WyGaTv1537541616/5ba505f0d7bf2/1036.ts&amp;streamtype=TSDOWNLOADER|User-Agent=Mozilla/5.0 (iPad; CPU OS 6_0 like Mac OS X) AppleWebKit/536.26 (KHTML, like Gecko) Version/6.0 Mobile/10A5376e Safari/8536.25</link>
	</item>
</streaminginfo>
<!--
<streaminginfo>
	<cname>Bein Sport 06</cname>
	<item>
	<title>Low</title>
    <link>plugin://plugin.video.f4mTester/?url=http://ipsatpro.info:8000/live/190zih8du18vsyyf/190zih8du18vsyyf/2476.ts&amp;streamtype=TSDOWNLOADER|User-Agent=Mozilla/5.0 (iPad; CPU OS 6_0 like Mac OS X) AppleWebKit/536.26 (KHTML, like Gecko) Version/6.0 Mobile/10A5376e Safari/8536.25</link>
	</item>
</streaminginfo>
<streaminginfo>
	<cname>Bein Sport 06</cname>
	<item>
	<title>Med</title>
    	<link>http://hadethsat.dyndns.tv:2086/live/petra_6MCYeW/urB6J62J/21438.m3u8</link>
	</item>
</streaminginfo>
	-->
<streaminginfo>
	<cname>Bein Sport 06</cname>
	<item>
	<title>High</title>
    	<!--<link>http://wygatv.com:4646/live/WyGaTv1537541616/5ba505f0d7bf2/1037.m3u8</link>-->
	<link>plugin://plugin.video.f4mTester/?url=http://wygatv.com:4646/live/WyGaTv1537541616/5ba505f0d7bf2/1037.ts&amp;streamtype=TSDOWNLOADER|User-Agent=Mozilla/5.0 (iPad; CPU OS 6_0 like Mac OS X) AppleWebKit/536.26 (KHTML, like Gecko) Version/6.0 Mobile/10A5376e Safari/8536.25</link>
	</item>
</streaminginfo>
<!--
<streaminginfo>
	<cname>Bein Sport 07</cname>
	<item>
	<title>Low</title>
    <link>plugin://plugin.video.f4mTester/?url=http://ipsatpro.info:8000/live/190zih8du18vsyyf/190zih8du18vsyyf/2477.ts&amp;streamtype=TSDOWNLOADER|User-Agent=Mozilla/5.0 (iPad; CPU OS 6_0 like Mac OS X) AppleWebKit/536.26 (KHTML, like Gecko) Version/6.0 Mobile/10A5376e Safari/8536.25</link>
	</item>
</streaminginfo>
<streaminginfo>
	<cname>Bein Sport 07</cname>
	<item>
	<title>Med</title>
    	<link>http://hadethsat.dyndns.tv:2086/live/petra_6MCYeW/urB6J62J/21437.m3u8</link>
	</item>
</streaminginfo>
	-->
<streaminginfo>
	<cname>Bein Sport 07</cname>
	<item>
	<title>High</title>
    	<!--<link>http://wygatv.com:4646/live/WyGaTv1537541616/5ba505f0d7bf2/1038.m3u8</link>-->
	<link>plugin://plugin.video.f4mTester/?url=http://wygatv.com:4646/live/WyGaTv1537541616/5ba505f0d7bf2/1038.ts&amp;streamtype=TSDOWNLOADER|User-Agent=Mozilla/5.0 (iPad; CPU OS 6_0 like Mac OS X) AppleWebKit/536.26 (KHTML, like Gecko) Version/6.0 Mobile/10A5376e Safari/8536.25</link>
	</item>
</streaminginfo>
	<!--
<streaminginfo>
	<cname>Bein Sport 08</cname>
	<item>
	<title>Low</title>
    <link>plugin://plugin.video.f4mTester/?url=http://ipsatpro.info:8000/live/190zih8du18vsyyf/190zih8du18vsyyf/2478.ts&amp;streamtype=TSDOWNLOADER|User-Agent=Mozilla/5.0 (iPad; CPU OS 6_0 like Mac OS X) AppleWebKit/536.26 (KHTML, like Gecko) Version/6.0 Mobile/10A5376e Safari/8536.25</link>
	</item>
</streaminginfo>
<streaminginfo>
	<cname>Bein Sport 08</cname>
	<item>
	<title>Med</title>
    <link>plugin://plugin.video.f4mTester/?url=http://ipsatpro.info:8000/live/190zih8du18vsyyf/190zih8du18vsyyf/2463.ts&amp;streamtype=TSDOWNLOADER|User-Agent=Mozilla/5.0 (iPad; CPU OS 6_0 like Mac OS X) AppleWebKit/536.26 (KHTML, like Gecko) Version/6.0 Mobile/10A5376e Safari/8536.25</link>
	</item>
</streaminginfo>
-->
<streaminginfo>
	<cname>Bein Sport 08</cname>
	<item>
	<title>High</title>
    	<!--<link>http://wygatv.com:4646/live/WyGaTv1537541616/5ba505f0d7bf2/1039.m3u8</link>-->
	<link>plugin://plugin.video.f4mTester/?url=http://wygatv.com:4646/live/WyGaTv1537541616/5ba505f0d7bf2/1039.ts&amp;streamtype=TSDOWNLOADER|User-Agent=Mozilla/5.0 (iPad; CPU OS 6_0 like Mac OS X) AppleWebKit/536.26 (KHTML, like Gecko) Version/6.0 Mobile/10A5376e Safari/8536.25</link>
	</item>
</streaminginfo>
<streaminginfo>
	<cname>Bein Sport 09</cname>
	<item>
	<title>Low</title>
    <link>plugin://plugin.video.f4mTester/?url=http://ipsatpro.info:8000/live/190zih8du18vsyyf/190zih8du18vsyyf/2479.ts&amp;streamtype=TSDOWNLOADER|User-Agent=Mozilla/5.0 (iPad; CPU OS 6_0 like Mac OS X) AppleWebKit/536.26 (KHTML, like Gecko) Version/6.0 Mobile/10A5376e Safari/8536.25</link>
	</item>
</streaminginfo>
<streaminginfo>
	<cname>Bein Sport 09</cname>
	<item>
	<title>Med</title>
    <link>plugin://plugin.video.f4mTester/?url=http://ipsatpro.info:8000/live/190zih8du18vsyyf/190zih8du18vsyyf/2464.ts&amp;streamtype=TSDOWNLOADER|User-Agent=Mozilla/5.0 (iPad; CPU OS 6_0 like Mac OS X) AppleWebKit/536.26 (KHTML, like Gecko) Version/6.0 Mobile/10A5376e Safari/8536.25</link>
	</item>
</streaminginfo>
<streaminginfo>
	<cname>Bein Sport 09</cname>
	<item>
	<title>High</title>
    <link>plugin://plugin.video.f4mTester/?url=http://ipsatpro.info:8000/live/190zih8du18vsyyf/190zih8du18vsyyf/161.ts&amp;streamtype=TSDOWNLOADER|User-Agent=Mozilla/5.0 (iPad; CPU OS 6_0 like Mac OS X) AppleWebKit/536.26 (KHTML, like Gecko) Version/6.0 Mobile/10A5376e Safari/8536.25</link>
	</item>
</streaminginfo>
<streaminginfo>
	<cname>Bein Sport 10</cname>
	<item>
	<title>Low</title>
    <link>plugin://plugin.video.f4mTester/?url=http://ipsatpro.info:8000/live/190zih8du18vsyyf/190zih8du18vsyyf/2480.ts&amp;streamtype=TSDOWNLOADER|User-Agent=Mozilla/5.0 (iPad; CPU OS 6_0 like Mac OS X) AppleWebKit/536.26 (KHTML, like Gecko) Version/6.0 Mobile/10A5376e Safari/8536.25</link>
	</item>
</streaminginfo>
<streaminginfo>
	<cname>Bein Sport 10</cname>
	<item>
	<title>Med</title>
    <link>plugin://plugin.video.f4mTester/?url=http://ipsatpro.info:8000/live/190zih8du18vsyyf/190zih8du18vsyyf/2465.ts&amp;streamtype=TSDOWNLOADER|User-Agent=Mozilla/5.0 (iPad; CPU OS 6_0 like Mac OS X) AppleWebKit/536.26 (KHTML, like Gecko) Version/6.0 Mobile/10A5376e Safari/8536.25</link>
	</item>
</streaminginfo>
<streaminginfo>
	<cname>Bein Sport 10</cname>
	<item>
	<title>High</title>
    <link>plugin://plugin.video.f4mTester/?url=http://ipsatpro.info:8000/live/190zih8du18vsyyf/190zih8du18vsyyf/160.ts&amp;streamtype=TSDOWNLOADER|User-Agent=Mozilla/5.0 (iPad; CPU OS 6_0 like Mac OS X) AppleWebKit/536.26 (KHTML, like Gecko) Version/6.0 Mobile/10A5376e Safari/8536.25</link>
	</item>
</streaminginfo>

<streaminginfo>
	<cname>Bein Sport 11</cname>
	<item>
	<title>Med</title>
    <link>plugin://plugin.video.f4mTester/?url=http://ipsatpro.info:8000/live/190zih8du18vsyyf/190zih8du18vsyyf/2466.ts&amp;streamtype=TSDOWNLOADER|User-Agent=Mozilla/5.0 (iPad; CPU OS 6_0 like Mac OS X) AppleWebKit/536.26 (KHTML, like Gecko) Version/6.0 Mobile/10A5376e Safari/8536.25</link>
	</item>
</streaminginfo>
<streaminginfo>
	<cname>Bein Sport 11</cname>
	<item>
	<title>High</title>
    <link>plugin://plugin.video.f4mTester/?url=http://ipsatpro.info:8000/live/190zih8du18vsyyf/190zih8du18vsyyf/159.ts&amp;streamtype=TSDOWNLOADER|User-Agent=Mozilla/5.0 (iPad; CPU OS 6_0 like Mac OS X) AppleWebKit/536.26 (KHTML, like Gecko) Version/6.0 Mobile/10A5376e Safari/8536.25</link>
	</item>
</streaminginfo>
<streaminginfo>
	<cname>Bein Sport 12</cname>
	<item>
	<title>Med</title>
    <link>plugin://plugin.video.f4mTester/?url=http://ipsatpro.info:8000/live/190zih8du18vsyyf/190zih8du18vsyyf/2467.ts&amp;streamtype=TSDOWNLOADER|User-Agent=Mozilla/5.0 (iPad; CPU OS 6_0 like Mac OS X) AppleWebKit/536.26 (KHTML, like Gecko) Version/6.0 Mobile/10A5376e Safari/8536.25</link>
	</item>
</streaminginfo>
<streaminginfo>
	<cname>Bein Sport 12</cname>
	<item>
	<title>High</title>
    <link>plugin://plugin.video.f4mTester/?url=http://ipsatpro.info:8000/live/190zih8du18vsyyf/190zih8du18vsyyf/170.ts&amp;streamtype=TSDOWNLOADER|User-Agent=Mozilla/5.0 (iPad; CPU OS 6_0 like Mac OS X) AppleWebKit/536.26 (KHTML, like Gecko) Version/6.0 Mobile/10A5376e Safari/8536.25</link>
	</item>
</streaminginfo>

	<!--
<streaminginfo> 
<cname>Bein 1 FR</cname>
<item>
<title>Local</title>
<link>plugin://plugin.video.f4mTester/?url=http://ipsatpro.info:8000/live/190zih8du18vsyyf/190zih8du18vsyyf/366.ts&amp;streamtype=TSDOWNLOADER|User-Agent=Mozilla/5.0 (iPad; CPU OS 6_0 like Mac OS X) AppleWebKit/536.26 (KHTML, like Gecko) Version/6.0 Mobile/10A5376e Safari/8536.25</link>
</item>
</streaminginfo>
<streaminginfo> 
<cname>Bein 2 FR</cname>
<item>
<title>Local</title>
<link>plugin://plugin.video.f4mTester/?url=http://ipsatpro.info:8000/live/190zih8du18vsyyf/190zih8du18vsyyf/365.ts&amp;streamtype=TSDOWNLOADER|User-Agent=Mozilla/5.0 (iPad; CPU OS 6_0 like Mac OS X) AppleWebKit/536.26 (KHTML, like Gecko) Version/6.0 Mobile/10A5376e Safari/8536.25</link>
</item>
</streaminginfo>
<streaminginfo> 
<cname>Bein 3 FR</cname>
<item>
<title>Local</title>
<link>plugin://plugin.video.f4mTester/?url=http://ipsatpro.info:8000/live/190zih8du18vsyyf/190zih8du18vsyyf/364.ts&amp;streamtype=TSDOWNLOADER|User-Agent=Mozilla/5.0 (iPad; CPU OS 6_0 like Mac OS X) AppleWebKit/536.26 (KHTML, like Gecko) Version/6.0 Mobile/10A5376e Safari/8536.25</link>
</item>
</streaminginfo>


-->
	
<streaminginfo> 
<cname>Bein Sport MAX 1</cname>
<item>
<title>High 2</title>
<link>plugin://plugin.video.f4mTester/?url=http://104.248.221.205:8000/live/Satcom/Gold/1998.ts&amp;streamtype=TSDOWNLOADER|User-Agent=Mozilla/5.0 (iPad; CPU OS 6_0 like Mac OS X) AppleWebKit/536.26 (KHTML, like Gecko) Version/6.0 Mobile/10A5376e Safari/8536.25</link>
</item>
</streaminginfo>	
	
<streaminginfo> 
<cname>Bein Sport MAX 1</cname>
<item>
<title>High</title>
<link>plugin://plugin.video.f4mTester/?url=http://www.freeiptvdaily.net:8000/live/3W0NQ0xAap/freeiptvdaily.tv/18.ts&amp;streamtype=TSDOWNLOADER|User-Agent=Mozilla/5.0 (iPad; CPU OS 6_0 like Mac OS X) AppleWebKit/536.26 (KHTML, like Gecko) Version/6.0 Mobile/10A5376e Safari/8536.25</link>
</item>
</streaminginfo>

<streaminginfo> 
<cname>Bein Sport MAX 2</cname>
<item>
<title>High 3</title>
<link>plugin://plugin.video.f4mTester/?url=http://m-iptv.net:6204/prQ8aKxwD2/gxP2nrNcex/14403&amp;streamtype=TSDOWNLOADER|User-Agent=Mozilla/5.0 (iPad; CPU OS 6_0 like Mac OS X) AppleWebKit/536.26 (KHTML, like Gecko) Version/6.0 Mobile/10A5376e Safari/8536.25</link>
</item>
</streaminginfo>
<streaminginfo> 
<cname>Bein Sport MAX 2</cname>
<item>
<title>High 2</title>
<link>plugin://plugin.video.f4mTester/?url=http://m-iptv.net:6204/prQ8aKxwD2/gxP2nrNcex/7049&amp;streamtype=TSDOWNLOADER|User-Agent=Mozilla/5.0 (iPad; CPU OS 6_0 like Mac OS X) AppleWebKit/536.26 (KHTML, like Gecko) Version/6.0 Mobile/10A5376e Safari/8536.25</link>
</item>
</streaminginfo>
<streaminginfo> 
<cname>Bein Sport MAX 2</cname>
<item>
<title>High</title>
<link>plugin://plugin.video.f4mTester/?url=http://iptvpro.watch-vision.net:8789/tinchi/Y6qMiEC7Ec/2770&amp;streamtype=TSDOWNLOADER|User-Agent=Mozilla/5.0 (iPad; CPU OS 6_0 like Mac OS X) AppleWebKit/536.26 (KHTML, like Gecko) Version/6.0 Mobile/10A5376e Safari/8536.25</link>
</item>
</streaminginfo>

<streaminginfo> 
<cname>Bein Sport MAX 3</cname>
<item>
<title>High</title>
<link></link>
</item>
</streaminginfo>

<streaminginfo> 
<cname>Bein Sport MAX 4</cname>
<item>
<title>Local</title>
<link>plugin://plugin.video.f4mTester/?url=http://ipsatpro.info:8000/live/190zih8du18vsyyf/190zih8du18vsyyf/397.ts&amp;streamtype=TSDOWNLOADER|User-Agent=Mozilla/5.0 (iPad; CPU OS 6_0 like Mac OS X) AppleWebKit/536.26 (KHTML, like Gecko) Version/6.0 Mobile/10A5376e Safari/8536.25</link>
</item>
</streaminginfo>
<streaminginfo> 
<cname>Bein Sport MAX 5</cname>
<item>
<title>Local</title>
<link>plugin://plugin.video.f4mTester/?url=http://ipsatpro.info:8000/live/190zih8du18vsyyf/190zih8du18vsyyf/398.ts&amp;streamtype=TSDOWNLOADER|User-Agent=Mozilla/5.0 (iPad; CPU OS 6_0 like Mac OS X) AppleWebKit/536.26 (KHTML, like Gecko) Version/6.0 Mobile/10A5376e Safari/8536.25</link>
</item>
</streaminginfo>
<streaminginfo> 
<cname>Bein Sport MAX 6</cname>
<item>
<title>Local</title>
<link>plugin://plugin.video.f4mTester/?url=http://ipsatpro.info:8000/live/190zih8du18vsyyf/190zih8du18vsyyf/399.ts&amp;streamtype=TSDOWNLOADER|User-Agent=Mozilla/5.0 (iPad; CPU OS 6_0 like Mac OS X) AppleWebKit/536.26 (KHTML, like Gecko) Version/6.0 Mobile/10A5376e Safari/8536.25</link>
</item>
</streaminginfo>
<streaminginfo> 
<cname>Bein Sport MAX 7</cname>
<item>
<title>Local</title>
<link>plugin://plugin.video.f4mTester/?url=http://ipsatpro.info:8000/live/190zih8du18vsyyf/190zih8du18vsyyf/400.ts&amp;streamtype=TSDOWNLOADER|User-Agent=Mozilla/5.0 (iPad; CPU OS 6_0 like Mac OS X) AppleWebKit/536.26 (KHTML, like Gecko) Version/6.0 Mobile/10A5376e Safari/8536.25</link>
</item>
</streaminginfo>
<streaminginfo> 
<cname>Bein Sport MAX 8</cname>
<item>
<title>Local</title>
<link>plugin://plugin.video.f4mTester/?url=http://ipsatpro.info:8000/live/190zih8du18vsyyf/190zih8du18vsyyf/401.ts&amp;streamtype=TSDOWNLOADER|User-Agent=Mozilla/5.0 (iPad; CPU OS 6_0 like Mac OS X) AppleWebKit/536.26 (KHTML, like Gecko) Version/6.0 Mobile/10A5376e Safari/8536.25</link>
</item>
</streaminginfo>
<streaminginfo> 
<cname>Bein Sport MAX 9</cname>
<item>
<title>Local</title>
<link>plugin://plugin.video.f4mTester/?url=http://ipsatpro.info:8000/live/190zih8du18vsyyf/190zih8du18vsyyf/402.ts&amp;streamtype=TSDOWNLOADER|User-Agent=Mozilla/5.0 (iPad; CPU OS 6_0 like Mac OS X) AppleWebKit/536.26 (KHTML, like Gecko) Version/6.0 Mobile/10A5376e Safari/8536.25</link>
</item>
</streaminginfo>
<streaminginfo> 
<cname>Bein Sport MAX 10</cname>
<item>
<title>Local</title>
<link>plugin://plugin.video.f4mTester/?url=http://ipsatpro.info:8000/live/190zih8du18vsyyf/190zih8du18vsyyf/403.ts&amp;streamtype=TSDOWNLOADER|User-Agent=Mozilla/5.0 (iPad; CPU OS 6_0 like Mac OS X) AppleWebKit/536.26 (KHTML, like Gecko) Version/6.0 Mobile/10A5376e Safari/8536.25</link>
</item>
</streaminginfo>


<streaminginfo>
	<cname>Abu Dhabi Sports 1</cname>
	<item>
	<title>Elahmad</title>
	<link>http://www.elahmad.com/tv/m3u8/adtv.m3u8?id=abudhabi_sports1</link>
	</item>
</streaminginfo>
<streaminginfo>
	<cname>Abu Dhabi Sports 1</cname>
	<item>
	<title>High 2</title>
	<link>plugin://plugin.video.f4mTester/?url=http://ipsatpro.com:8000/live/190zih8du18vsyyf/190zih8du18vsyyf/2434.ts&amp;streamtype=TSDOWNLOADER|User-Agent=Mozilla/5.0 (iPad; CPU OS 6_0 like Mac OS X) AppleWebKit/536.26 (KHTML, like Gecko) Version/6.0 Mobile/10A5376e Safari/8536.25</link>
	</item>
</streaminginfo>
<streaminginfo>
	<cname>Abu Dhabi Sports 1</cname>
	<item>
	<title>High</title>
	<link>http://adtv.ercdn.net/adsport1/adsport1_720p.m3u8?v=1525040486</link>
	</item>
</streaminginfo>

<streaminginfo>
	<cname>Abu Dhabi Sports 2</cname>
	<item>
	<title>Elahmad</title>
	<link>http://www.elahmad.com/tv/m3u8/adtv.m3u8?id=abudhabi_sports2</link>
	</item>
</streaminginfo>
<streaminginfo>
	<cname>Abu Dhabi Sports 2</cname>
	<item>
	<title>High 2</title>
	<link>plugin://plugin.video.f4mTester/?url=http://ipsatpro.com:8000/live/190zih8du18vsyyf/190zih8du18vsyyf/2433.ts&amp;streamtype=TSDOWNLOADER|User-Agent=Mozilla/5.0 (iPad; CPU OS 6_0 like Mac OS X) AppleWebKit/536.26 (KHTML, like Gecko) Version/6.0 Mobile/10A5376e Safari/8536.25</link>
	</item>
</streaminginfo>
<streaminginfo>
	<cname>Abu Dhabi Sports 2</cname>
	<item>
	<title>High</title>
	<link>http://adtv.ercdn.net/adsport2/adsport2_720p.m3u8?v=1525040486</link>
	</item>
</streaminginfo>

<streaminginfo>
	<cname>Alkass Online</cname>
	<item>
	<title>High</title>
	<link>http://alkass-i.akamaihd.net/hls/live/205534/onlineA/live_Os4.m3u8</link>
	</item>
</streaminginfo>

	<streaminginfo>
		<cname>Alkass One</cname>
		<item>
			<title>High</title>
			<link>http://alkass-i.akamaihd.net/hls/live/205534/kass1A/live_1s20.m3u8</link>
		</item>
	</streaminginfo>	

<streaminginfo>
		<cname>Alkass Two</cname>
		<item>
			<title>High</title>
			<link>http://alkass-i.akamaihd.net/hls/live/205534/kass2A/live_20s20.m3u8</link>
		</item>
	</streaminginfo>

<streaminginfo>
		<cname>Alkass Four</cname>
		<item>
			<title>High</title>
			<link>http://89.211.63.16:1935/HR04/HR04.stream/chunklist_w1077520053.m3u8?1409264780</link>
		</item>
	</streaminginfo>
<streaminginfo>
		<cname>Alkass Five</cname>
		<item>
			<title>High</title>
			<link>http://alkass-i.akamaihd.net/hls/live/205534/kass5A/live_5s4.m3u8</link>
		</item>
	</streaminginfo>

<streaminginfo>
<cname>Alriadia Sport</cname>
<item>
<title>High</title>
<link>http://cdnamd-hls-globecast.akamaized.net/live/ramdisk/arriadia/hls_snrt/arriadia-video=1500000-audio_AACL_qad_130400_110=130400.m3u8</link>
</item>
</streaminginfo>
<streaminginfo> 
<cname>Alriadia Sport</cname>
<item>
<title>Local</title>
<link>plugin://plugin.video.f4mTester/?url=http://ipsatpro.com:8000/live/190zih8du18vsyyf/190zih8du18vsyyf/32.ts&amp;streamtype=TSDOWNLOADER|User-Agent=Mozilla/5.0 (iPad; CPU OS 6_0 like Mac OS X) AppleWebKit/536.26 (KHTML, like Gecko) Version/6.0 Mobile/10A5376e Safari/8536.25</link>
</item>
</streaminginfo>

<streaminginfo>
<cname>BAHRAIN SPORTS</cname>
<item>
<title>High</title>
<link>http://185.105.4.106:1935/live/Bahrain%20Sports/chunklist.m3u8?v=1525040486</link>
</item>
</streaminginfo>

<streaminginfo>
	<cname>Dubai Sport 1</cname>
<item>
<title>Local</title>
<link>plugin://plugin.video.f4mTester/?url=http://ipsatpro.com:8000/live/190zih8du18vsyyf/190zih8du18vsyyf/70.ts&amp;streamtype=TSDOWNLOADER|User-Agent=Mozilla/5.0 (iPad; CPU OS 6_0 like Mac OS X) AppleWebKit/536.26 (KHTML, like Gecko) Version/6.0 Mobile/10A5376e Safari/8536.25</link>
</item>
</streaminginfo>
<streaminginfo>
	<cname>Dubai Sport 1</cname>
<item>
<title>Local</title>
<link>http://dmiftvll.mangomolo.com/dubaisports/smil:dubaisports.smil/chunklist_b1750000.m3u8?stime=20170409212614&amp;etime=20170416172934&amp;token=05b981e96aef9bf683307</link>
</item>
</streaminginfo>
<streaminginfo>
	<cname>Dubai Sport 1</cname>
	<item>
	<title>Elahmad</title>
	<link>http://www.elahmad.com/tv/m3u8/dubaitv.m3u8?id=dubaisports</link>
	</item>
</streaminginfo>
<streaminginfo>
	<cname>Dubai Sport 1</cname>
	<item>
	<title>Mango</title>
	<link>http://dmivll.mangomolo.com/dubaisports/smil:dubaisports.smil/chunklist_b1750000.m3u8</link>
	</item>
</streaminginfo>

<streaminginfo>
	<cname>Dubai Racing</cname>
	<item>
	<title>Mango</title>
	<link>http://dmithrvll.cdn.mangomolo.com/events/smil:events.smil/chunklist_b1600000.m3u8</link>
	</item>
</streaminginfo>
<streaminginfo>
	<cname>Dubai Racing 2</cname>
	<item>
	<title>Mango</title>
	<link>http://dmithrvll.cdn.mangomolo.com/dubairacing/smil:dubairacing.smil/chunklist_b1600000.m3u8</link>
	</item>
</streaminginfo>

<streaminginfo>
<cname>Jordan Sport</cname>
<item>
<title>Local</title>
<link>plugin://plugin.video.f4mTester/?url=http://ipsatpro.com:8000/live/190zih8du18vsyyf/190zih8du18vsyyf/153.ts&amp;streamtype=TSDOWNLOADER|User-Agent=Mozilla/5.0 (iPad; CPU OS 6_0 like Mac OS X) AppleWebKit/536.26 (KHTML, like Gecko) Version/6.0 Mobile/10A5376e Safari/8536.25</link>
</item>
</streaminginfo>
<streaminginfo>
    <cname>Jordan Sport</cname>
	<item>
	<title>Med 2</title>
	<link>http://stream.joinvisions.net:1935/Jordantv/Jordan_Sport/gmswf.m3u8?DVR</link>
	</item>
</streaminginfo>
<streaminginfo>
    <cname>Jordan Sport</cname>
	<item>
	<title>Med</title>
	<link>rtmp://stream.joinvisions.net:1935/Jordantv/?gmswf=1525040486 playpath=Jordan_Sport swfUrl=http://www.elahmad.com/tv/swf/player.swf?file=jordansport_1&amp;autostart=true&amp;/[[DYNAMIC]]/2/[[DYNAMIC]]/3 pageUrl=http://www.elahmad.com/tv/jordan_sport.php</link>
	</item>
</streaminginfo>

<streaminginfo>
	<cname>KTV SPORT</cname>
	<item>
	<title>Elahmad</title>
	<link>http://www.elahmad.com/tv/m3u8/ktv.m3u8?id=ktv3</link>
	</item>
</streaminginfo>

<streaminginfo>
	<cname>KTV Sport Plus</cname>
	<item>
	<title>Elahmad</title>
	<link>http://www.elahmad.com/tv/m3u8/ktv.m3u8?id=ktv4</link>
	</item>
</streaminginfo>
<streaminginfo>
<cname>KTV Sport Plus</cname>
<item>
<title>Local</title>
<link>plugin://plugin.video.f4mTester/?url=http://ipsatpro.com:8000/live/190zih8du18vsyyf/190zih8du18vsyyf/2237.ts&amp;streamtype=TSDOWNLOADER|User-Agent=Mozilla/5.0 (iPad; CPU OS 6_0 like Mac OS X) AppleWebKit/536.26 (KHTML, like Gecko) Version/6.0 Mobile/10A5376e Safari/8536.25</link>
</item>
</streaminginfo>

<streaminginfo>
<cname>MBC PRO SP1</cname>
<item>
<title>Local</title>
<link>plugin://plugin.video.f4mTester/?url=http://ipsatpro.com:8000/live/190zih8du18vsyyf/190zih8du18vsyyf/2435.ts&amp;streamtype=TSDOWNLOADER|User-Agent=Mozilla/5.0 (iPad; CPU OS 6_0 like Mac OS X) AppleWebKit/536.26 (KHTML, like Gecko) Version/6.0 Mobile/10A5376e Safari/8536.25</link>
</item>
</streaminginfo>

<streaminginfo>
<cname>MBC PRO SP2</cname>
<item>
<title>Local</title>
<link>plugin://plugin.video.f4mTester/?url=http://ipsatpro.com:8000/live/190zih8du18vsyyf/190zih8du18vsyyf/2436.ts&amp;streamtype=TSDOWNLOADER|User-Agent=Mozilla/5.0 (iPad; CPU OS 6_0 like Mac OS X) AppleWebKit/536.26 (KHTML, like Gecko) Version/6.0 Mobile/10A5376e Safari/8536.25</link>
</item>
</streaminginfo>

<streaminginfo>
<cname>MBC PRO SP3</cname>
<item>
<title>Local</title>
<link>plugin://plugin.video.f4mTester/?url=http://best4u.biz:8000/live/dmy2101/9764681/170.ts&amp;streamtype=TSDOWNLOADER|User-Agent=Mozilla/5.0 (iPad; CPU OS 6_0 like Mac OS X) AppleWebKit/536.26 (KHTML, like Gecko) Version/6.0 Mobile/10A5376e Safari/8536.25</link>
</item>
</streaminginfo>

	<streaminginfo>		
		<cname>NBC Golf</cname>
		<item>
			<title>480p SD</title>
			<link>http://tvegolf-i.Akamaihd.net/hls/live/218225/golfx/1896k/prog.m3u8|X-Forwarded-For=209.239.112.104</link>
		</item>
	</streaminginfo>
	<streaminginfo>		
		<cname>NBC Golf</cname>
		<item>
			<title>720p HD</title>
			<link>http://tvegolf-i.Akamaihd.net/hls/live/218225/golfx/2596k/prog.m3u8|X-Forwarded-For=209.239.112.104</link>
		</item>
	</streaminginfo>
	<streaminginfo>		
		<cname>NBC Golf</cname>
		<item>
			<title>1080p HD</title>
			<link>http://tvegolf-i.Akamaihd.net/hls/live/218225/golfx/4296k/prog.m3u8|X-Forwarded-For=209.239.112.104</link>
		</item>
	</streaminginfo>
	
	<streaminginfo>
		<cname>Nile Sport</cname>
		<item>
			<title>livestreaming</title>
			<link>rtmp://livestreaming5.onlinehorizons.net/NTNNileSport playpath=livestream swfUrl=http://niletc.tv/player/player.swf live=1 pageUrl=http://niletc.tv/stream.php?ch=sport timeout=20</link>
		</item>
	</streaminginfo>

<streaminginfo>
     <cname>Oman Sport</cname>
	<item>
	<title>Low</title>
	<link>http://38.96.148.30:1935/live/omantv2/chunklist.m3u8?wowzasessionid=65335900</link>
	</item>
</streaminginfo>
<streaminginfo>
     <cname>Oman Sport</cname>
	<item>
	<title>Med</title>
	<link>http://38.96.148.30:1935/live/omantv2/chunklist.m3u8?wowzasessionid=453125211</link>
    </item>
</streaminginfo>

<streaminginfo>
   	<cname>Sharjah Sport</cname>
	<item>
	<title>Low</title>
	<link>http://livestreaming.itworkscdn.net/smc4sportslive/smc4tv_160p/playlist.m3u8</link>
	</item>
</streaminginfo>
<streaminginfo>
   	<cname>Sharjah Sport</cname>
	<item>
	<title>Med</title>
	<link>http://livestreaming.itworkscdn.net/smc4sportslive/smc4tv_240p/playlist.m3u8</link>
	</item>
</streaminginfo>
<streaminginfo>
   	<cname>Sharjah Sport</cname>
	<item>
	<title>High</title>
	<link>http://livestreaming.itworkscdn.net/smc4sportslive/smc4tv_360p/playlist.m3u8</link>
	</item>
</streaminginfo>

<streaminginfo>
<cname>Saudia Sport</cname>
<item>
<title>Elahmad 2</title>
<link>http://wpc.55d6d.deltacdn.net/3055D6D/teb002/55D6D-channel4/Index1400.m3u8?v=856675656</link>
</item>
</streaminginfo>
<streaminginfo>
<cname>Saudia Sport</cname>
<item>
<title>Elahmad</title>
<link>http://selevision9885-i.akamaihd.net/hls/live/219269/98853/1.m3u8?v=1525040486</link>
</item>
</streaminginfo>


<streaminginfo>
	<cname>Sky Sport Box Office</cname>
	<item>
	<title>High</title>
	<link>plugin://plugin.video.f4mTester/?url=http://ipsatpro.info:8080/live/190zih8du18vsyyf/190zih8du18vsyyf/529.ts&amp;streamtype=TSDOWNLOADER|User-Agent=Mozilla/5.0 (iPad; CPU OS 6_0 like Mac OS X) AppleWebKit/536.26 (KHTML, like Gecko) Version/6.0 Mobile/10A5376e Safari/8536.25</link>
	</item>
</streaminginfo>
<streaminginfo>
	<cname>Sky Sport Action</cname>
	<item>
	<title>High</title>
	<link>plugin://plugin.video.f4mTester/?url=http://ipsatpro.info:8080/live/190zih8du18vsyyf/190zih8du18vsyyf/1560.ts&amp;streamtype=TSDOWNLOADER|User-Agent=Mozilla/5.0 (iPad; CPU OS 6_0 like Mac OS X) AppleWebKit/536.26 (KHTML, like Gecko) Version/6.0 Mobile/10A5376e Safari/8536.25</link>
	</item>
</streaminginfo>
<streaminginfo>
	<cname>Sky Sport Premier League</cname>
	<item>
	<title>High</title>
	<link>plugin://plugin.video.f4mTester/?url=http://ipsatpro.info:8080/live/190zih8du18vsyyf/190zih8du18vsyyf/1562.ts&amp;streamtype=TSDOWNLOADER|User-Agent=Mozilla/5.0 (iPad; CPU OS 6_0 like Mac OS X) AppleWebKit/536.26 (KHTML, like Gecko) Version/6.0 Mobile/10A5376e Safari/8536.25</link>
	</item>
</streaminginfo>
<streaminginfo>
	<cname>Sky Sport Premier League</cname>
	<item>
	<title>High HD</title>
	<link>plugin://plugin.video.f4mTester/?url=http://ipsatpro.info:8080/live/190zih8du18vsyyf/190zih8du18vsyyf/544.ts&amp;streamtype=TSDOWNLOADER|User-Agent=Mozilla/5.0 (iPad; CPU OS 6_0 like Mac OS X) AppleWebKit/536.26 (KHTML, like Gecko) Version/6.0 Mobile/10A5376e Safari/8536.25</link>
	</item>
</streaminginfo>
<streaminginfo>
	<cname>Sky Sport Premier Main Event</cname>
	<item>
	<title>High</title>
	<link>plugin://plugin.video.f4mTester/?url=http://ipsatpro.info:8080/live/190zih8du18vsyyf/190zih8du18vsyyf/1561.ts&amp;streamtype=TSDOWNLOADER|User-Agent=Mozilla/5.0 (iPad; CPU OS 6_0 like Mac OS X) AppleWebKit/536.26 (KHTML, like Gecko) Version/6.0 Mobile/10A5376e Safari/8536.25</link>
	</item>
</streaminginfo>
<streaminginfo>
	<cname>Sky Sport Premier Main Event</cname>
	<item>
	<title>High HD</title>
	<link>plugin://plugin.video.f4mTester/?url=http://ipsatpro.info:8080/live/190zih8du18vsyyf/190zih8du18vsyyf/1561.ts&amp;streamtype=TSDOWNLOADER|User-Agent=Mozilla/5.0 (iPad; CPU OS 6_0 like Mac OS X) AppleWebKit/536.26 (KHTML, like Gecko) Version/6.0 Mobile/10A5376e Safari/8536.25</link>
	</item>
</streaminginfo>
<streaminginfo>
	<cname>Sky Sports 3</cname>
	<item>
	<title>High</title>
	<link>plugin://plugin.video.f4mTester/?url=http://best4u.biz:8000/live/dmy2101/9764681/2973.ts&amp;streamtype=TSDOWNLOADER|User-Agent=Mozilla/5.0 (iPad; CPU OS 6_0 like Mac OS X) AppleWebKit/536.26 (KHTML, like Gecko) Version/6.0 Mobile/10A5376e Safari/8536.25</link>
	</item>
</streaminginfo>
<streaminginfo>
	<cname>Sky Sports 4</cname>
	<item>
	<title>High HD</title>
	<link>plugin://plugin.video.f4mTester/?url=http://best4u.biz:8000/live/dmy2101/9764681/419.ts&amp;streamtype=TSDOWNLOADER|User-Agent=Mozilla/5.0 (iPad; CPU OS 6_0 like Mac OS X) AppleWebKit/536.26 (KHTML, like Gecko) Version/6.0 Mobile/10A5376e Safari/8536.25</link>
	</item>
</streaminginfo>
<streaminginfo>
	<cname>Sky Sports 4</cname>
	<item>
	<title>High</title>
	<link>plugin://plugin.video.f4mTester/?url=http://best4u.biz:8000/live/dmy2101/9764681/2974.ts&amp;streamtype=TSDOWNLOADER|User-Agent=Mozilla/5.0 (iPad; CPU OS 6_0 like Mac OS X) AppleWebKit/536.26 (KHTML, like Gecko) Version/6.0 Mobile/10A5376e Safari/8536.25</link>
	</item>
</streaminginfo>
<streaminginfo>
	<cname>Sky Sports 5</cname>
	<item>
	<title>High HD</title>
	<link>plugin://plugin.video.f4mTester/?url=http://best4u.biz:8000/live/dmy2101/9764681/418.ts&amp;streamtype=TSDOWNLOADER|User-Agent=Mozilla/5.0 (iPad; CPU OS 6_0 like Mac OS X) AppleWebKit/536.26 (KHTML, like Gecko) Version/6.0 Mobile/10A5376e Safari/8536.25</link>
	</item>
</streaminginfo>
<streaminginfo>
	<cname>Sky Sports 5</cname>
	<item>
	<title>High</title>
	<link>plugin://plugin.video.f4mTester/?url=http://best4u.biz:8000/live/dmy2101/9764681/2975.ts&amp;streamtype=TSDOWNLOADER|User-Agent=Mozilla/5.0 (iPad; CPU OS 6_0 like Mac OS X) AppleWebKit/536.26 (KHTML, like Gecko) Version/6.0 Mobile/10A5376e Safari/8536.25</link>
	</item>
</streaminginfo>
<streaminginfo>
	<cname>WWE</cname>
	<item>
	<title>High</title>
	<link>plugin://plugin.video.f4mTester/?url=http://best4u.biz:8000/live/riadh1529/chaaben1529/2608.ts&amp;streamtype=TSDOWNLOADER|User-Agent=Mozilla/5.0 (iPad; CPU OS 6_0 like Mac OS X) AppleWebKit/536.26 (KHTML, like Gecko) Version/6.0 Mobile/10A5376e Safari/8536.25</link>
	</item>
</streaminginfo>
<streaminginfo>
	<cname>WWE</cname>
	<item>
	<title>High</title>
	<link>plugin://plugin.video.f4mTester/?url=http://best4u.biz:8000/live/dmy2101/9764681/2608.ts&amp;streamtype=TSDOWNLOADER|User-Agent=Mozilla/5.0 (iPad; CPU OS 6_0 like Mac OS X) AppleWebKit/536.26 (KHTML, like Gecko) Version/6.0 Mobile/10A5376e Safari/8536.25</link>
	</item>
</streaminginfo>



<!-- Sport Channels End -->

<!-- Doc Channels Start -->

<streaminginfo><cname>Al Thakafiyah</cname><item><title>You need Youtube Addon</title><link>plugin://plugin.video.youtube/play/?video_id=NqXJNHgP7iE</link></item></streaminginfo>

<streaminginfo>
        <cname>Aljazeera Doc</cname>
	<item>
	<title>Low Quality</title>
	<link>rtmp://aljazeeraflashlivefs.fplive.net/aljazeeraflashlive-live/aljazeera_doc_low swfUrl=http://www.watcharab.com/tv/swf/aljazeera_documentary.swf pageUrl=http://www.elahmad.com/tv/aljazeera_documentary.php swfVfy=true live=true timeout=60</link>
	</item>
</streaminginfo>
<streaminginfo>
        <cname>Aljazeera Doc</cname>
	<item>
	<title>Medium Quality</title>
	<link>rtmp://aljazeeraflashlivefs.fplive.net/aljazeeraflashlive-live/-live playpath=aljazeera_doc_med swfUrl=http://www.arabztv.net/player.swf live=1 pageUrl=http://www.arabztv.com/ live=true swfVfy=true</link>
	</item>
</streaminginfo>
<streaminginfo>
        <cname>Aljazeera Doc</cname>
	<item>
	<title>High Quality</title>
	<link>rtmp://aljazeeraflashlivefs.fplive.net/aljazeeraflashlive-live/ playpath=aljazeera_doc_high swfUrl=http://www.watcharab.com/tv/swf/aljazeera_documentary.swf pageUrl=http://www.elahmad.com/tv/aljazeera_documentary.php swfVfy=true live=true timeout=60</link>
	</item>
</streaminginfo>
<streaminginfo>
        <cname>Aljazeera Doc</cname>
		<item>
		<title>Low</title>
		<link>http://aljazeera-doc-apple-live.adaptive.level3.net/apple/aljazeera/hq-doc/600kStream.m3u8</link>
		</item>
</streaminginfo>
<streaminginfo>
        <cname>Aljazeera Doc</cname>
		<item>
		<title>Med</title>
		<link>http://aljazeera-doc-apple-live.adaptive.level3.net/apple/aljazeera/hq-doc/800kStream.m3u8</link>
		</item>
</streaminginfo>
<streaminginfo>
        <cname>Aljazeera Doc</cname>
		<item>
		<title>High</title>
		<link>http://aljazeera-doc-apple-live.adaptive.level3.net/apple/aljazeera/hq-doc/1200kStream.m3u8</link>
		</item>
</streaminginfo>
<streaminginfo>
        <cname>Aljazeera Doc</cname>
		<item>
		<title>Highst</title>
		<link>http://aljazeera-doc-apple-live.adaptive.level3.net/apple/aljazeera/hq-doc/1600kStream.m3u8</link>
		</item>
</streaminginfo>
<streaminginfo>
        <cname>Aljazeera Doc</cname>
		<item>
		<title>High_Master</title>
		<link>http://aljazeera-doc-apple-live.adaptive.level3.net/apple/aljazeera/hq-doc/stb.m3u8</link>
		</item>
</streaminginfo>

<streaminginfo>
    <cname>KTV ARABE</cname>
	<item>
	<title>Med</title>
	<link>rtmp://stream03.fasttelco.net:1935/live/_definst_ playPath=ktv6_480.stream swfUrl=http://p.jwpcdn.com/6/12/jwplayer.flash.swf pageUrl=http://www.media.gov.kw/tvradio/Portal/KTVArabe_1.htm</link>
	</item>
</streaminginfo>

<streaminginfo>
	<cname>KTV ETRAA</cname>
	<item>
	<title>media.gov.kw</title>
	<link>rtmp://stream03.fasttelco.net:1935/live/_definst_ playpath=ktv5_480.stream swfUrl=http://p.jwpcdn.com/6/12/jwplayer.flash.swf pageUrl=http://www.media.gov.kw/tvradio/Portal/KTVEthraa_1.htm</link>
	</item>
</streaminginfo>

<streaminginfo>
        <cname>Nile Culture</cname>
	<item>
	<title>Low</title>
	<link>rtmp://livestreaming5.onlinehorizons.net/NTNNileCulture playpath=livestream swfUrl=http://niletc.tv/player/player.swf live=1 pageUrl=http://niletc.tv/stream.php?ch=culture</link>
	</item>
</streaminginfo>

	<streaminginfo>
		<cname>Nile Learning</cname>
		<item>
			<title>livestreaming</title>
			<link>rtmp://livestreaming4.onlinehorizons.net/Learning1 playpath=livestream swfUrl=http://niletc.tv/player/player.swf live=1 pageUrl=http://niletc.tv/stream.php?ch=Learning timeout=20</link>
		</item>
	</streaminginfo>

<!-- Doc Channels End -->

<!-- News Channels Start -->

<streaminginfo><cname>Al Eqtisadiyah</cname><item><title>You need Youtube Addon</title><link>plugin://plugin.video.youtube/play/?video_id=HNFLp_OrQrY</link></item></streaminginfo>

<streaminginfo>
   	<cname>Al Hiwar</cname>
	<item>
	<title>Med</title>
	<link>http://mn-i.mncdn.com/alhiwar_live/smil:alhiwar.smil/playlist.m3u8</link>
	</item>
</streaminginfo>

<streaminginfo><cname>Al Ikhbaria Syria</cname><item><title>You need Youtube Addon</title><link>plugin://plugin.video.youtube/play/?video_id=YfH6U8CNp58</link></item></streaminginfo>

<streaminginfo><cname>Al mayaden</cname><item><title>You need Youtube Addon</title><link>plugin://plugin.video.youtube/play/?video_id=OfZcE29c6c0</link></item></streaminginfo>

<streaminginfo>
	<cname>Al Sharqiya News</cname>
	<item>
	<title>indexforce</title>
	<link>rtmp://ns8.indexforce.com/alsharqiyalive/mystream timeout=20</link>
	</item>
</streaminginfo>
<streaminginfo>
    <cname>Al Sharqiya News</cname>
	<item>
	<title>Med</title>
	<link>http://46.165.208.230:1935/alsharqiyalive/mystream/gmswf.m3u8</link>
	</item>
</streaminginfo>

<streaminginfo>
	<cname>Alan</cname><item><title>Low</title><link>http://livestreaming.itworkscdn.net/alaanlive/alaantv_160p/chunklist.m3u8</link></item>
</streaminginfo>
<streaminginfo>
	<cname>Alan</cname><item><title>High</title><link>http://livestreaming.itworkscdn.net/alaanlive/alaantv_360p/chunklist.m3u8</link></item>
</streaminginfo>

<streaminginfo><cname>Alarabiya</cname><item><title>You need Youtube Addon</title><link>plugin://plugin.video.youtube/play/?video_id=rlvfffhWo2A</link></item></streaminginfo>

<streaminginfo>
		<cname>Alarabiya Ahdas</cname>
		<item>
		<title>unknow</title>
		<link>http://alhadath-geo-live.hls.adaptive.level3.net/hls-live/alhadath-channel01/_definst_/live/stream1.m3u8</link>
		</item>
</streaminginfo>

<streaminginfo>
	<cname>Alaraby</cname>
	<item>
	<title>Low</title>
	<link>$doregex[get-m3u8final]|Cookie=$get_cookies$&amp;User-Agent=AppleCoreMedia/1.0.0.11B554a (iPhone; U; CPU OS 7_0_4 like Mac OS X; en_gb)&amp;X-Playback-Session-Id=$GUID$</link>
	<regex>
	<name>get-m3u8final</name>
	<expres>27.*\s?(http.*?)\s</expres>
	<page>$doregex[get-m3u8]</page>
	<agent>AppleCoreMedia/1.0.0.11B554a (iPhone; U; CPU OS 7_0_4 like Mac OS X; en_gb)</agent>
	<cookieJar></cookieJar>

	</regex>
    <regex>
    <name>get-m3u8</name>
    <expres>$pyFunction:json.loads(page_data)['event']['stream_info']['m3u8_url']</expres>
    <page>$doregex[get-json]</page>
    </regex>    
    
	<regex>
	<name>get-json</name>
	<expres>config = ({.*})</expres>
	<page>http://livestream.com/accounts/13453801/events/4043174/player?width=960&amp;amp;height=540&amp;autoPlay=true&amp;mute=false</page>
	<agent>AppleCoreMedia/1.0.0.11B554a (iPhone; U; CPU OS 7_0_4 like Mac OS X; en_gb)</agent>
	<cookieJar></cookieJar>
	</regex>
	</item>
</streaminginfo>
<streaminginfo>
	<cname>Alaraby</cname>
	<item>
	<title>Med</title>
	<link>$doregex[get-m3u8final]|Cookie=$get_cookies$&amp;User-Agent=AppleCoreMedia/1.0.0.11B554a (iPhone; U; CPU OS 7_0_4 like Mac OS X; en_gb)&amp;X-Playback-Session-Id=$GUID$</link>
	<regex>
	<name>get-m3u8final</name>
	<expres>48.*\s?(http.*?)\s</expres>
	<page>$doregex[get-m3u8]</page>
	<agent>AppleCoreMedia/1.0.0.11B554a (iPhone; U; CPU OS 7_0_4 like Mac OS X; en_gb)</agent>
	<cookieJar></cookieJar>

	</regex>
    <regex>
    <name>get-m3u8</name>
    <expres>$pyFunction:json.loads(page_data)['event']['stream_info']['m3u8_url']</expres>
    <page>$doregex[get-json]</page>
    </regex>    
    
	<regex>
	<name>get-json</name>
	<expres>config = ({.*})</expres>
	<page>http://livestream.com/accounts/13453801/events/4043174/player?width=960&amp;amp;height=540&amp;autoPlay=true&amp;mute=false</page>
	<agent>AppleCoreMedia/1.0.0.11B554a (iPhone; U; CPU OS 7_0_4 like Mac OS X; en_gb)</agent>
	<cookieJar></cookieJar>
	</regex>
	</item>
</streaminginfo>
<streaminginfo>
	<cname>Alaraby</cname>
	<item>
	<title>High</title>
	<link>$doregex[get-m3u8final]|Cookie=$get_cookies$&amp;User-Agent=AppleCoreMedia/1.0.0.11B554a (iPhone; U; CPU OS 7_0_4 like Mac OS X; en_gb)&amp;X-Playback-Session-Id=$GUID$</link>
	<regex>
	<name>get-m3u8final</name>
	<expres>43.*\s?(http.*?)\s</expres>
	<page>$doregex[get-m3u8]</page>
	<agent>AppleCoreMedia/1.0.0.11B554a (iPhone; U; CPU OS 7_0_4 like Mac OS X; en_gb)</agent>
	<cookieJar></cookieJar>

	</regex>
    <regex>
    <name>get-m3u8</name>
    <expres>$pyFunction:json.loads(page_data)['event']['stream_info']['m3u8_url']</expres>
    <page>$doregex[get-json]</page>
    </regex>    
    
	<regex>
	<name>get-json</name>
	<expres>config = ({.*})</expres>
	<page>http://livestream.com/accounts/13453801/events/4043174/player?width=1080&amp;amp;height=720&amp;autoPlay=true&amp;mute=false</page>
	<agent>AppleCoreMedia/1.0.0.11B554a (iPhone; U; CPU OS 7_0_4 like Mac OS X; en_gb)</agent>
	<cookieJar></cookieJar>
	</regex>
	</item>
</streaminginfo>
<streaminginfo>
	<cname>Alaraby</cname>
	<item>
	<title>High 720</title>
	<link>$doregex[get-m3u8final]|Cookie=$get_cookies$&amp;User-Agent=AppleCoreMedia/1.0.0.11B554a (iPhone; U; CPU OS 7_0_4 like Mac OS X; en_gb)&amp;X-Playback-Session-Id=$GUID$</link>
	<regex>
	<name>get-m3u8final</name>
	<expres>72.*\s?(http.*?)\s</expres>
	<page>$doregex[get-m3u8]</page>
	<agent>AppleCoreMedia/1.0.0.11B554a (iPhone; U; CPU OS 7_0_4 like Mac OS X; en_gb)</agent>
	<cookieJar></cookieJar>

	</regex>
    <regex>
    <name>get-m3u8</name>
    <expres>$pyFunction:json.loads(page_data)['event']['stream_info']['m3u8_url']</expres>
    <page>$doregex[get-json]</page>
    </regex>    
    
	<regex>
	<name>get-json</name>
	<expres>config = ({.*})</expres>
	<page>http://livestream.com/accounts/13453801/events/4043174/player?width=1080&amp;amp;height=720&amp;autoPlay=true&amp;mute=false</page>
	<agent>AppleCoreMedia/1.0.0.11B554a (iPhone; U; CPU OS 7_0_4 like Mac OS X; en_gb)</agent>
	<cookieJar></cookieJar>
	</regex>
	</item>
</streaminginfo>

<streaminginfo>
	<cname>Alghad Alarabi</cname>
	<item>
	<title>Med</title>
	<link>http://41.128.181.132:1935/live/test.stream/chunklist_w1333595922.m3u8</link>
	</item>
</streaminginfo>

<streaminginfo><cname>Aljazeera</cname><item><title>You need Youtube Addon</title><link>plugin://plugin.video.youtube/play/?video_id=elqcDJ3TXUs</link></item></streaminginfo>
<streaminginfo>
        <cname>Aljazeera</cname>
		<item>
		<title>Low</title>
		<link>http://aljazeera-ara-apple-live.adaptive.level3.net/apple/aljazeera/arabic/160.m3u8</link>
		</item>
</streaminginfo>
<streaminginfo>
		<cname>Aljazeera</cname>
		<item>
		<title>800</title>
		<link>http://aljazeera-ara-apple-live.adaptive.level3.net/apple/aljazeera/arabic/800.m3u8</link>  
		</item> 
</streaminginfo>
<streaminginfo>
        <cname>Aljazeera</cname>
		<item>
		<title>High</title>
		<link>http://aljazeera-ara-apple-live.adaptive.level3.net/apple/aljazeera/arabic/800.m3u8</link>
		</item>
</streaminginfo>

<streaminginfo><cname>Aljazeera En</cname><item><title>You need Youtube Addon</title><link>plugin://plugin.video.youtube/play/?video_id=VBEmqvVPOX4</link></item></streaminginfo>

<streaminginfo><cname>Aljazeera Mubasher</cname><item><title>You need Youtube Addon</title><link>plugin://plugin.video.youtube/play/?video_id=y_zLVhac8nU</link></item></streaminginfo>
<streaminginfo>
        <cname>Aljazeera Mubasher</cname>
		<item>
		<title>Low Quality</title>
		<link>rtmp://aljazeeraflashlivefs.fplive.net/aljazeeraflashlive-live playpath=aljazeera_mubasher2_low swfUrl=http://www.arabztv.net/player.swf live=1 pageUrl=http://www.arabztv.com/ live=true swfVfy=true</link>
		</item>
</streaminginfo>
<streaminginfo>
        <cname>Aljazeera Mubasher</cname>
		<item>
		<title>Med Quality</title>
		<link>rtmp://aljazeeraflashlivefs.fplive.net/aljazeeraflashlive-live playpath=aljazeera_mubasher2_med swfUrl=http://www.arabztv.net/player.swf live=1 pageUrl=http://www.arabztv.com/ live=true swfVfy=true</link>
		</item>
</streaminginfo>
<streaminginfo>
        <cname>Aljazeera Mubasher</cname>
		<item>
		<title>High Quality</title>
		<link>rtmp://aljazeeraflashlivefs.fplive.net/aljazeeraflashlive-live playpath=aljazeera_mubasher2_high swfUrl=http://www.arabztv.net/player.swf live=1 pageUrl=http://www.arabztv.com/ live=true swfVfy=true</link>
		</item>
</streaminginfo>

<streaminginfo>
    <cname>alnabaa</cname>
	<item>
	<title>Low</title>
	<link>http://wpc.C1A9.edgecastcdn.net/hls-live/20C1A9/al_nabaa/ls_satlink/b_264.m3u8</link>
	</item>
</streaminginfo>
<streaminginfo>
    <cname>alnabaa</cname>
	<item>
	<title>Med</title>
	<link>http://wpc.C1A9.edgecastcdn.net/hls-live/20C1A9/al_nabaa/ls_satlink/b_528.m3u8</link>
	</item>
</streaminginfo>
<streaminginfo>
    <cname>alnabaa</cname>
	<item>
	<title>High</title>
	<link>http://wpc.C1A9.edgecastcdn.net/hls-live/20C1A9/al_nabaa/ls_satlink/b_828.m3u8</link>
	</item>
</streaminginfo>

<streaminginfo><cname>ANB</cname><item><title>188</title><link>http://streaming.i-sat.tv:1935/live/anb.stream_360p/playlist.m3u8</link></item></streaminginfo>

		<streaminginfo>
		<cname>ANN</cname>
		<item>
			<title>indexforce</title>
			<link>rtmp://ns8.indexforce.com/ann/ann timeout=20</link>
		</item>
	</streaminginfo>

	<streaminginfo>
	<cname>BBC Arabic</cname>
	<item>
	<title>Low</title>
	<link>http://bbcwshdlive01-lh.akamaihd.net/i/atv_1@61433/index_192_av-b.m3u8?sd=10&amp;rebase=on</link>
	</item>
</streaminginfo>
<streaminginfo>
	<cname>BBC Arabic</cname>
	<item>
	<title>Med</title>
	<link>http://bbcwshdlive01-lh.akamaihd.net/i/atv_1@61433/index_400_av-p.m3u8?sd=10&amp;rebase=on</link>
	</item>
</streaminginfo>
<streaminginfo>
	<cname>BBC Arabic</cname>
	<item>
	<title>High</title>
	<link>http://bbcwshdlive01-lh.akamaihd.net/i/atv_1@61433/index_800_av-p.m3u8?sd=10&amp;rebase=on</link>
	</item>
</streaminginfo>
<streaminginfo>
	<cname>BBC Arabic</cname>
	<item>
	<title>High_mast</title>
	<link>http://bbcwshdlive01-lh.akamaihd.net/i/atv_1@61433/master.m3u8</link>
	</item>
</streaminginfo>
<streaminginfo>
        <cname>BBC Arabic</cname>
	<item>
	<title>You need to install f4m_tester addon from Shani Repo</title>
	<link>plugin://plugin.video.f4mTester/?url=http://bbcwshdlive01-lh.akamaihd.net/z/atv_1@61433/manifest.f4m?hdcore=2.11.3</link>
	</item>
</streaminginfo>
<streaminginfo><cname>BBC Arabic</cname><item><title>You need Youtube Addon</title><link>plugin://plugin.video.youtube/play/?video_id=m0RMXgxMhs8</link></item></streaminginfo>

<streaminginfo>
    <cname>CCTV Arabic</cname>
	<item>
	<title>Med</title>
	<link>$doregex[geturl]|User-Agent=Mozilla/5.0 (Windows NT 6.1; WOW64) AppleWebKit/537.36 (KHTML, like Gecko) Chrome/41.0.2272.101 Safari/537.36</link>
	<regex>
	<name>geturl</name>
	<expres>"hls[0-9]*":"(http.*?)"</expres>
	<page>http://vdn.live.cntv.cn/api2/liveHtml5.do?channel=pa://cctv_p2p_hdcctvarabic&amp;client=flash</page>
	<referer>http://arabic.cntv.cn/live/index.shtml</referer>
	<cookiejar></cookiejar>
	<agent>Mozilla/5.0 (Windows NT 6.1; WOW64) AppleWebKit/537.36 (KHTML, like Gecko) Chrome/41.0.2272.101 Safari/537.36</agent>
	</regex>
	</item>
</streaminginfo>

	<streaminginfo>
		<cname>DW Arabic</cname>
		<item>
			<title>Arabic</title>
			<link>http://www.metafilegenerator.de/DWelle/tv-arabia/ios/master.m3u8</link>
		</item>
	</streaminginfo>
<streaminginfo>
    <cname>DW Arabic</cname>
<item>
<title>Medium</title>
<link>$doregex[get-rtmp] playpath=$doregex[get-playpath] pageUrl=http://live-tv.im/dw-tv-arabia-live live=1 swfVfy=1 timeout=10</link>
<regex>
<name>get-rtmp</name>
<expres>meta base="(.*?)"</expres>
<page>http://www.metafilegenerator.de/DWelle/tv-arabia/flv/tv.smil</page>
</regex>

<regex>
<name>get-playpath</name>
<expres>"medium"\s*src="(.*?)"</expres>
<page>http://www.metafilegenerator.de/DWelle/tv-arabia/flv/tv.smil</page>
</regex>
</item>
</streaminginfo>
<streaminginfo>
    <cname>DW Arabic</cname>
<item>
<title>High</title>
<link>$doregex[get-rtmp] playpath=$doregex[get-playpath] pageUrl=http://live-tv.im/dw-tv-arabia-live live=1 swfVfy=1 timeout=10</link>
<regex>
<name>get-rtmp</name>
<expres>meta base="(.*?)"</expres>
<page>http://www.metafilegenerator.de/DWelle/tv-arabia/flv/tv.smil</page>
</regex>
<regex>
<name>get-playpath</name>
<expres>"high"\s*src="(.*?)"</expres>
<page>http://www.metafilegenerator.de/DWelle/tv-arabia/flv/tv.smil</page>
</regex>
</item>
</streaminginfo>
<streaminginfo>
    <cname>DW Arabic</cname>
<item>
<title>Highest</title>
<link>$doregex[get-rtmp] playpath=$doregex[get-playpath] pageUrl=http://live-tv.im/dw-tv-arabia-live live=1 swfVfy=1 timeout=10</link>
<regex>
<name>get-rtmp</name>
<expres>meta base="(.*?)"</expres>
<page>http://www.metafilegenerator.de/DWelle/tv-arabia/flv/tv.smil</page>
</regex>

<regex>
<name>get-playpath</name>
<expres>"highest"\s*src="(.*?)"</expres>
<page>http://www.metafilegenerator.de/DWelle/tv-arabia/flv/tv.smil</page>
</regex>
</item>
</streaminginfo>

<streaminginfo><cname>Euro News Arabic</cname><item><title>You need Youtube Addon</title><link>plugin://plugin.video.youtube/play/?video_id=vFgvp3GQgkU</link></item></streaminginfo>

<streaminginfo>
<cname>France 24</cname>
<item>
<title>800</title>
<link>$doregex[url]|User-Agent=iPad</link>
<regex>
	<name>url</name>
	<expres>$pyFunction:'$doregex[jsonurl]'.replace('\/','/').replace('\u0026','&amp;')</expres>
	<page></page>
</regex>
<regex>
	<name>jsonurl</name>
	<expres>url":"(.*?)"</expres>
	<page>http://playtv.fr/player/play/france-24-arabe/?bitrate=800&amp;format=hls&amp;language=ar</page>
	<referer>http://playtv.fr</referer>
</regex>
</item>
</streaminginfo>	
<streaminginfo><cname>France 24</cname><item><title>You need Youtube Addon</title><link>plugin://plugin.video.youtube/play/?video_id=55IL8QtH0Ao</link></item></streaminginfo>
	
	
	
<streaminginfo><cname>KSA News</cname><item><title>You need Youtube Addon</title><link>plugin://plugin.video.youtube/play/?video_id=cCe0Hzqjhso</link></item></streaminginfo>
	
<streaminginfo>
        <cname>Mekamleen</cname>
	<item>
	<title>85.111 Source</title>
	<link>rtmp://mn-l.mncdn.com/r_mekameleen/_definst_/ playpath=mp4:live1 swfUrl=http://ssl.p.jwpcdn.com/player/v/7.6.0/jwplayer.flash.swf pageUrl=http://pallap.com/tv.php?i=mekameleen</link>
	</item>
</streaminginfo>	

<streaminginfo>
        <cname>Orient News</cname>
	<item>
	<title>High</title>
	<link>http://ls02.orienths.org/hls-live/livepkgr/_definst_/liveevent/live_ios.m3u8</link>
	</item>
</streaminginfo>	
	
<streaminginfo><cname>Russia Alyaum</cname><item><title>You need Youtube Addon</title><link>plugin://plugin.video.youtube/play/?video_id=hSV-nfWm3Wc</link></item></streaminginfo>
<streaminginfo>
<cname>Russia Alyaum</cname>
<item>
<title>800</title>
<link>$doregex[url]|User-Agent=iPad</link>
<regex>
	<name>url</name>
	<expres>$pyFunction:'$doregex[jsonurl]'.replace('\/','/').replace('\u0026','&amp;')</expres>
	<page></page>
</regex>
<regex>
	<name>jsonurl</name>
	<expres>url":"(.*?)"</expres>
	<page>http://playtv.fr/player/play/russia-al-yaum/?bitrate=800&amp;format=hls&amp;language=ar</page>
	<referer>http://playtv.fr</referer>
</regex>
</item>
</streaminginfo>
	
<streaminginfo>
    <cname>SkyNewsArabia</cname>
	<item>
	<title>Low</title>
	<link>http://skynewsl.skynews.cshls.lldns.net/skynews/skynewsl/skynewsl.m3u8</link>
	</item>
</streaminginfo>
	
<streaminginfo>
     <cname>TRT Arabic</cname>
	<item>
	<title>270p</title>
	<link>http://trtcanlitv-lh.akamaihd.net/i/TRTARAPCA_1@181945/index_500_av-b.m3u8?sd=10&amp;rebase=on</link>
	</item>
</streaminginfo>
<streaminginfo>
     <cname>TRT Arabic</cname>
	<item>
	<title>360p</title>
	<link>http://trtcanlitv-lh.akamaihd.net/i/TRTARAPCA_1@181945/index_500_av-p.m3u8?sd=10&amp;rebase=on</link>
	</item>
</streaminginfo>
<streaminginfo>
     <cname>TRT Arabic</cname>
	<item>
	<title>360p</title>
	<link>http://trtcanlitv-lh.akamaihd.net/i/TRTARAPCA_1@181945/index_1000_av-b.m3u8?sd=10&amp;rebase=on</link>
	</item>
</streaminginfo>
<streaminginfo>
     <cname>TRT Arabic</cname>
	<item>
	<title>720p</title>
	<link>http://trtcanlitv-lh.akamaihd.net/i/TRTARAPCA_1@181945/index_1200_av-p.m3u8?sd=10&amp;rebase=on</link>
	</item>
</streaminginfo>	

<!-- News Channels End -->


</streamingInfos>
