<streamingInfos>

<!-- Somalian Channels Start -->

<streaminginfo>
	<cname>Africa TV4</cname>
	<item>
	<title>Low</title>		
	<link>http://africatv.live.net.sa:1935/live/africatv4/playlist.m3u8</link>
	</item>
</streaminginfo>
<!--
<streaminginfo>
	<cname>STN</cname>
	<item>
	<title>Ustream</title>
		<link>$doregex[get-url]</link>
    <regex>
	<name>get-url</name>
	<expres>"uhls","url":"(http.*?playlist.m3u.*?)"</expres>
	<page>http://$doregex[get-link]/fra02/fra02-uhs-beta02?connectionId=$doregex[get-token]</page>
    <agent>Mozilla/5.0 (iPad; U; CPU OS 3_2 like Mac OS X; en-us) AppleWebKit/531.21.10 (KHTML, like Gecko) Version/4.0.4 Mobile/7B334b Safari/531.21.10</agent>

	</regex>

	<regex>
	<name>get-token</name>
	<expres>connectionId":"(.*?)"</expres>
	<page>http://uhs-akamai.ustream.tv/fra02/fra02-uhs-beta02?type=viewer&amp;media=1534940324101&amp;application=channel&amp;appId=11&amp;appVersion=2</page>
 <agent>Mozilla/5.0 (iPad; U; CPU OS 3_2 like Mac OS X; en-us) AppleWebKit/531.21.10 (KHTML, like Gecko) Version/4.0.4 Mobile/7B334b Safari/531.21.10</agent>

	</regex>
	<regex>
	<name>get-link</name>
	<expres>host":"(.*?)"</expres>
	<page>http://uhs-akamai.ustream.tv/fra02/fra02-uhs-beta02?type=viewer&amp;media=1534940324101&amp;application=channel&amp;appId=11&amp;appVersion=2</page>
 <agent>Mozilla/5.0 (iPad; U; CPU OS 3_2 like Mac OS X; en-us) AppleWebKit/531.21.10 (KHTML, like Gecko) Version/4.0.4 Mobile/7B334b Safari/531.21.10</agent>

	</regex>
	</item>
</streaminginfo>
-->
<streaminginfo>
	<cname>STN</cname>
	<item>
    	<title>High</title>
    	<link>http://199.167.151.237:1935/live/sp15_19.stream/gmswf.m3u8</link>
	</item>
</streaminginfo>
	
<streaminginfo>
	<cname>Djibouti</cname>
	<item>
    <title>Low</title>
    <link>http://www.axadledirect.com:1936/19/stream/playlist.m3u8</link>
	</item>
</streaminginfo>
<streaminginfo>
	<cname>SBC</cname>
	<item>
	<title>SBC Livestream</title>
	<link>http://62.210.251.188:1935/live/sbctv.stream/chunklist_w184667786.m3u8</link>
	</item>	
</streaminginfo>
<streaminginfo>
	<cname>Som News TV</cname>
	<item>
	<title>Med</title>
	<link>http://cdn01.iqbroadcast.tv:8081/g1/snews15/playlist.m3u8</link>
	</item>	
</streaminginfo>

<streaminginfo>
	<cname>SBTV</cname>
	<item>
	<title>ustream</title>
	<link>$doregex[get-link]</link>
		<regex>
		<name>get-link</name>
		<expres>$pyFunction:get_ustream('http://iphone-streaming.ustream.tv/ustreamVideo/18624946/streams/live/playlist.m3u8')</expres>
		<page></page>
		</regex>
	</item>
</streaminginfo>

<streaminginfo>
	<cname>Somali Cable</cname>
	<item>
	<title>Official</title>
	<link>$doregex[get-url]</link>
	<regex>
	<name>get-url</name>
	<expres>file: '(.*?)'</expres>
	<page>http://somalicable.tv/</page>
	<agent>Mozilla/5.0 (Linux; U; Android 2.2; en-us; Nexus One Build/FRF91) AppleWebKit/533.1 (KHTML, like Gecko) Version/4.0 Mobile Safari/533.1</agent>
	</regex>
	</item>
</streaminginfo>

<streaminginfo>
	<cname>HCTV</cname>
	<item>
	<title>Med</title>
	<link>plugin://plugin.video.f4mTester/?streamtype=TSDOWNLOADER&amp;url=http://ipsatpro.biz:8080/live/190zih8du18vsyyf/190zih8du18vsyyf/3197.ts</link>
	</item>
</streaminginfo>

<streaminginfo>
	<cname>Saab TV</cname>
	<item>
	<title>Med1</title>
	<link>http://cdn01.iqbroadcast.tv:8081/g1/saabtv/playlist.m3u8</link>
	</item>
</streaminginfo>
	
	
<streaminginfo>
	<cname>PLTV</cname>
	<item>
	<title>Official</title>
	<link>$doregex[get-url]</link>
	<regex>
	<name>get-url</name>
	<expres>file: '(.*?)'</expres>
	<page>http://www.puntlandtvradio.net/</page>
	<agent>Mozilla/5.0 (Linux; U; Android 2.2; en-us; Nexus One Build/FRF91) AppleWebKit/533.1 (KHTML, like Gecko) Version/4.0 Mobile Safari/533.1</agent>
	</regex>
	</item>
</streaminginfo>

<streaminginfo>
	<cname>Galmudug</cname>
	<item>
	<title>Med</title>
	<link>http://cdn02.iqbroadcast.tv/iqb/ccdd4aaff5c7e4ab95efd09c91d57bbf.sdp/index.m3u8</link>
	</item>
</streaminginfo>

<streaminginfo>
	<cname>JLTV</cname>
	<item>
	<title>Med</title>
	<link>http://cdn02.iqbroadcast.tv/1345/iqb/3748782c336460247a0ea0b592d4130c.sdp/tracks-v1a1/index.m3u8</link>
	</item>
</streaminginfo>
<streaminginfo>
	<cname>Kalsan Tv</cname>
	<item>
	<title>Med</title>
	<link>http://kalsan.zecast.net/kalsan-live/kalsanzecast/playlist.m3u8</link>
	</item>
</streaminginfo>

<streaminginfo>
	<cname>SNTV</cname>
	<item>
	<title>Med</title>
	<link>http://www.axadledirect.com:1936/13/stream/playlist.m3u8</link>
	</item>
</streaminginfo>

	
<streaminginfo>
	<cname>Universal Somali</cname>
	<item>
	<title>High</title>		
	<link>https://5928f90056f31.streamlock.net/universal-live/universal/playlist.m3u8</link>
	</item>
</streaminginfo>
	
<!--
	
<streaminginfo>
	<cname>Star TV</cname>
	<item>
	<title>Low</title>		
	<link>http://cdn01.iqbroadcast.tv:8081/startv/hb9wp/playlist.m3u8</link>
	</item>
</streaminginfo>
<streaminginfo>
	<cname>SNTV</cname>
	<item>
	<title>Axadledirect - Low2</title>	
<link>rtmp://www.axadledirect.com/axadledirect_video/13 app=axadledirect_video/13 playpath=stream conn=S:13 conn=S:N/A conn=S:$doregex[userid] conn=S:viewer conn=S:$doregex[userid] conn=S:0 conn=S:false conn=S:$doregex[uniqid] swfUrl=http://www.axadledirect.com/viewer.swf pageUrl=http://www.axadledirect.com live=1 timeout=15</link>
<regex>
<name>userid</name>
<expres>userId: "(.*?)"</expres>
<page>http://www.axadledirect.com/channel/view/sntv-13</page>
</regex>
<regex>
<name>uniqid</name>
<expres>uniqId: "(.*?)"</expres>
<page>http://www.axadledirect.com/channel/view/sntv-13</page>
</regex>
	</item>
</streaminginfo>
<streaminginfo>
	<cname>HCTV</cname>
	<item>
	<title>Med 2</title>		
<link>rtmp://www.axadledirect.com/axadledirect_video/17 app=axadledirect_video/17 playpath=stream conn=S:17 conn=S:N/A conn=S:$doregex[userid] conn=S:viewer conn=S:$doregex[userid] conn=S:0 conn=S:false conn=S:$doregex[uniqid] swfUrl=http://www.axadledirect.com/viewer.swf pageUrl=http://www.axadledirect.com live=1 timeout=15</link>
<regex>
<name>userid</name>
<expres>userId: "(.*?)"</expres>
<page>http://www.axadledirect.com/channel/view/hctv-17</page>
</regex>
<regex>
<name>uniqid</name>
<expres>uniqId: "(.*?)"</expres>
<page>http://www.axadledirect.com/channel/view/hctv-17</page>
</regex>
	</item>
</streaminginfo>

<streaminginfo>
	<cname>SLNTV</cname>
	<item>
	<title>Med</title>		
<link>rtmp://www.axadledirect.com/axadledirect_video/16 app=axadledirect_video/16 playpath=stream conn=S:16 conn=S:N/A conn=S:$doregex[userid] conn=S:viewer conn=S:$doregex[userid] conn=S:0 conn=S:false conn=S:$doregex[uniqid] swfUrl=http://www.axadledirect.com/viewer.swf pageUrl=http://www.axadledirect.com live=1 timeout=15</link>
<regex>
<name>userid</name>
<expres>userId: "(.*?)"</expres>
<page>http://www.axadledirect.com/channel/view/slntv-16</page>
</regex>
<regex>
<name>uniqid</name>
<expres>uniqId: "(.*?)"</expres>
<page>http://www.axadledirect.com/channel/view/slntv-16</page>
</regex>
	</item>
</streaminginfo>

<streaminginfo>
	<cname>Djibouti</cname>
	<item>
	<title>Med 1</title>		
<link>rtmp://www.axadledirect.com/axadledirect_video/19 app=axadledirect_video/19 playpath=stream conn=S:19 conn=S:N/A conn=S:$doregex[userid] conn=S:viewer conn=S:$doregex[userid] conn=S:0 conn=S:false conn=S:$doregex[uniqid] swfUrl=http://www.axadledirect.com/viewer.swf pageUrl=http://www.axadledirect.com live=1 timeout=15</link>
<regex>
<name>userid</name>
<expres>userId: "(.*?)"</expres>
<page>http://www.axadledirect.com/channel/view/rtd-en-direct-19</page>
</regex>
<regex>
<name>uniqid</name>
<expres>uniqId: "(.*?)"</expres>
<page>http://www.axadledirect.com/channel/view/rtd-en-direct-19</page>
</regex>
	</item>
</streaminginfo>

<streaminginfo>
	<cname>Universal Somali</cname>
	<item>
	<title>Low</title>
	<link>$doregex[get-m3u8final]|Cookie=$get_cookies$&amp;User-Agent=AppleCoreMedia/1.0.0.11B554a (iPhone; U; CPU OS 7_0_4 like Mac OS X; en_gb)&amp;X-Playback-Session-Id=$GUID$</link>
		<regex>
			<name>get-m3u8final</name>
			<expres>.*\s?(http.*?)\s</expres>
			<page>$doregex[get-m3u8]</page>
			<agent>AppleCoreMedia/1.0.0.11B554a (iPhone; U; CPU OS 7_0_4 like Mac OS X; en_gb)</agent>
			<cookieJar></cookieJar>
		</regex>
		<regex>
			<name>get-m3u8</name>
			<expres>$pyFunction:json.loads(page_data)['event']['stream_info']['m3u8_url']</expres>
			<page>$doregex[get-json]</page>
		</regex>
		<regex>
			<name>get-json</name>
			<expres>config = ({.*})</expres>
			<page>https://new.livestream.com/accounts/2058831/events/2072662/player?width=960&amp;amp;height=540&amp;autoPlay=true&amp;mute=false</page>
			<agent>AppleCoreMedia/1.0.0.11B554a (iPhone; U; CPU OS 7_0_4 like Mac OS X; en_gb)</agent>
			<cookieJar></cookieJar>
		</regex>
	</item>
</streaminginfo>

<streaminginfo>
	<cname>Universal Somali</cname>
	<item>
	<title>Med 2</title>		
<link>rtmp://www.axadledirect.com/axadledirect_video/15 app=axadledirect_video/15 playpath=stream conn=S:15 conn=S:N/A conn=S:$doregex[userid] conn=S:viewer conn=S:$doregex[userid] conn=S:0 conn=S:false conn=S:$doregex[uniqid] swfUrl=http://www.axadledirect.com/viewer.swf pageUrl=http://www.axadledirect.com live=1 timeout=15</link>
<regex>
<name>userid</name>
<expres>userId: "(.*?)"</expres>
<page>http://www.axadledirect.com/channel/view/universaltv-15</page>
</regex>
<regex>
<name>uniqid</name>
<expres>uniqId: "(.*?)"</expres>
<page>http://www.axadledirect.com/channel/view/universaltv-15</page>
</regex>
	</item>
</streaminginfo>

<streaminginfo>
	<cname>Universal Somali</cname>
	<item>
	<title>Med</title>		
	<link>http://www.axadledirect.com:1936/15/stream/playlist.m3u8</link>
	</item>
</streaminginfo>



<streaminginfo>
<cname>Universal Somali</cname>
<item>
<title>High HD</title>
<link>plugin://plugin.video.f4mTester/?url=http://ipsatpro.info:8000/live/190zih8du18vsyyf/190zih8du18vsyyf/3196.ts&amp;streamtype=TSDOWNLOADER|User-Agent=Mozilla/5.0 (iPad; CPU OS 6_0 like Mac OS X) AppleWebKit/536.26 (KHTML, like Gecko) Version/6.0 Mobile/10A5376e Safari/8536.25</link>
</item>
</streaminginfo>
	
-->

<!-- Somalian Channels End -->

<!-- Yemen Channels Start -->

	

<streaminginfo>
	<cname>AL sahat</cname>
	<item>
	<title>You need Youtube Addon</title><link>plugin://plugin.video.youtube/play/?video_id=ewViM8XS5e4</link>
	</item>
</streaminginfo>

<streaminginfo>
	<cname>AL shareyyah</cname>
	<item>
	<title>Low</title>
	<link>http://streamer12.elementssys.com:8080/SAUDI-Channels/AL-SHAREYYAH/index.m3u8</link>
	</item>
</streaminginfo>

<streaminginfo>
	<cname>Al-Ghad Al-Mushreq</cname>
	<item>
	<title>Low</title>
	<link>http://livestream-f.akamaihd.net/i/4818613_6145209_lsie3f5ublmnhrz79m5_1@378888/index_446_av-b.m3u8?sd=10&amp;dw=100&amp;rebase=on&amp;hdntl=exp=1495999837~acl=%2fi%2f4818613_6145209_lsie3f5ublmnhrz79m5_1%40378888%2f*~data=hdntl~hmac=0d5f40a84af190fa813e6c1e7277fe57bced11a3d26f570d31ebb67ff8caf720</link>
	</item>
</streaminginfo>

<streaminginfo>
	<cname>Belqees</cname>
	<item>
	<title>You need Youtube Addon</title>
	<link>plugin://plugin.video.youtube/play/?video_id=XH3TzDwKkOU</link>
	</item>
</streaminginfo>

<streaminginfo>
	<cname>Masira</cname>
	<item>
	<title>Low 2</title>
	<link>rtmp://livestreaming4.itworkscdn.com/masira playpath=livetv1 swfUrl=http://www.almaserahtv.com/player.swf pageUrl=http://www.almasirah.tv/ live=1 timeout=20</link>
	</item>
</streaminginfo>
<streaminginfo>
	<cname>Masira</cname>
	<item>
	<title>Low</title>
	<link>http://livestreaming4.itworkscdn.com/masira/livetv1/playlist.m3u8</link>
	</item>
</streaminginfo>

<streaminginfo>
	<cname>Aden</cname>
	<item>
	<title>Low</title>
	<link>rtmp://82.212.74.3:1935/live/ playpath=7410 swfUrl=http://ssl.p.jwpcdn.com/player/v/7.8.6/jwplayer.flash.swf pageUrl=http://content.jwplatform.com/players/iogBGHiU-m0eisVXt.html</link>
	</item>
</streaminginfo> 

<streaminginfo>
	<cname>RushdTV</cname>
	<item>
	<title>Low</title>
	<link>rtmp://82.212.74.3:1935/live/ playpath=7406 swfUrl=http://ssl.p.jwpcdn.com/player/v/7.8.6/jwplayer.flash.swf pageUrl=http://content.jwplatform.com/players/iogBGHiU-m0eisVXt.html</link>
	</item>
</streaminginfo>
	
<streaminginfo>
	<cname>Sanaa</cname>
	<item>
	<title>Elahmad</title>
	<link>rtmp://82.212.74.3:1935/live/?v=1356438483 playpath=7410 swfUrl=http://www.elahmad.com/tv/swf/player.swf?file=sanaatv&amp;autostart=true&amp;/[[DYNAMIC]]/2/[[DYNAMIC]]/3 pageUrl=http://www.elahmad.com/tv/yemen-tv.php
	</link>
	</item>
</streaminginfo>

<streaminginfo>
	<cname>Yemen</cname>
	<item>
	<title>Low</title>
	<link>http://streamer12.elementssys.com:8080/demo/Yemen/index.m3u8</link>
	</item>
</streaminginfo>
	
<streaminginfo>
	<cname>Yemen Shabab</cname>
	<item>
	<title>Med</title>
	<link>http://stream.starmenacdn.com:8080/hls/yemenshabab.m3u8</link>
	</item>
</streaminginfo>
	

	
<!--
<streaminginfo>
	<cname>alsaeedah-tv</cname>
	<item>
	<title>Ustream: Low</title>
	<link>$doregex[get-link]</link>
	<regex>
	<name>get-link</name>
	<expres>$pyFunction:get_ustream('http://uhs-akamai.ustream.tv/fra02/fra02-uhs-beta02/live/10270300/1534940324101/plain/uhs/2/index.m3u8')</expres>
	<page></page>
	</regex>
	</item>
</streaminginfo>
	


<streaminginfo>
	<cname>Suhail TV</cname>
	<item>
	<title>Low 2</title>
	<link>rtmp://82.212.74.5:1935/live/?v=1525040486 playpath=7626 swfUrl=http://www.elahmad.com/tv/swf/player.swf?file=suhail&amp;autostart=true&amp;/[[DYNAMIC]]/2/[[DYNAMIC]]/3 pageUrl=http://www.elahmad.com/tv/suhail-tv.php</link>
</item>
</streaminginfo>
<streaminginfo>
	<cname>Suhail TV</cname>
	<item>
	<title>Low</title>
	<link>rtmp://82.212.74.5:1935/live/ playpath=7626 swfUrl=http://p.jwpcdn.com/6/12/jwplayer.flash.swf pageUrl=http://www.elahmad.com/tv/embed.php?id=suhail</link>
</item>
</streaminginfo>

<streaminginfo>
	<cname>Yemen Shabab</cname>
	<item>
	<title>Low</title>
	<link>rtmp://82.212.74.3/live/ playpath=7425 swfUrl=http://p.jwpcdn.com/6/12/jwplayer.flash.swf pageUrl=http://www.elahmad.com/tv/embed.php?id=yemen_shabab</link>
	</item>
</streaminginfo>


<streaminginfo>
	<cname>Suhail TV</cname>
	<item>
	<title>Ustream: Low</title>
	<link>$doregex[get-link]</link>
	<regex>
	<name>get-link</name>
	<expres>$pyFunction:get_ustream('http://iphone-streaming.ustream.tv/ustreamVideo/18648651/streams/live/playlist.m3u8')</expres>
	<page></page>
	</regex>
	</item>
</streaminginfo>

<streaminginfo>
    <cname>alsaeedah</cname>
	<item>
	<title>Med</title>
	<link>http://r60594651-1-10270300-channel-ws-live.ums.ustream.tv:1935/1/ustream</link>
	</item>
</streaminginfo>

<streaminginfo>
	<cname>AL sahat</cname>
	<item>
	<title>Ustream</title>
	<link>$doregex[get-link]</link>
	<regex>
	<name>get-link</name>
	<expres>$pyFunction:get_ustream('http://iphone-streaming.ustream.tv/ustreamVideo/17579613/streams/live/playlist.m3u8')</expres>
	<page></page>
	</regex>
	</item>
</streaminginfo>

	<streaminginfo>
	<cname>Yemen Alyawm</cname>
	<item>
	<title>Med</title>
	<link>$doregex[get-m3u8final]|Cookie=$get_cookies$&amp;User-Agent=AppleCoreMedia/1.0.0.11B554a (iPhone; U; CPU OS 7_0_4 like Mac OS X; en_gb)&amp;X-Playback-Session-Id=$GUID$</link>
	<regex>
	<name>get-m3u8final</name>
	<expres>(http.*?)\s</expres>
	<page>$doregex[get-m3u8]</page>
	<agent>AppleCoreMedia/1.0.0.11B554a (iPhone; U; CPU OS 7_0_4 like Mac OS X; en_gb)</agent>
	<cookieJar></cookieJar>

	</regex>
    <regex>
    <name>get-m3u8</name>
    <expres>$pyFunction:json.loads(page_data)['event']['stream_info']['m3u8_url']</expres>
    <page>$doregex[get-json]</page>
    </regex>    
    
	<regex>
	<name>get-json</name>
	<expres>config = ({.*})</expres>
	<page>http://livestream.com/accounts/13816375/events/4102747/player?width=560&amp;height=315&amp;autoPlay=true&amp;mute=false</page>
	<agent>AppleCoreMedia/1.0.0.11B554a (iPhone; U; CPU OS 7_0_4 like Mac OS X; en_gb)</agent>
	<cookieJar></cookieJar>
	</regex>
	</item>
</streaminginfo>

<streaminginfo>
	<cname>Hadramout</cname>
	<item>
	<title>You need Livestream Addon</title>
	<link>plugin://plugin.video.livestream/?url=%2Flive_now&amp;mode=104&amp;name=%5BCOLOR%3DFF00B7EB%2F%5DHadramouttv%5B%2FCOLOR%5D&amp;icon=http%3A%2F%2Fimg.new.livestream.com%2Fevents%2F00000000003f95a0%2Fda2eced2-646f-4ca2-95c6-5eff71d02925_2940.jpg&amp;event_id=4167072&amp;owner_id=14150926&amp;video_id=LIVE</link>
	</item>
</streaminginfo>
-->
<!-- Yemen Channels End -->

<!-- Islam Channels Start -->

<streaminginfo>
	<cname>4Shbab</cname>
	<item>
	<title>Low</title>
	<link>$doregex[get-m3u8final]|Cookie=$get_cookies$&amp;User-Agent=AppleCoreMedia/1.0.0.11B554a (iPhone; U; CPU OS 7_0_4 like Mac OS X; en_gb)&amp;X-Playback-Session-Id=$GUID$</link>
		<regex>
			<name>get-m3u8final</name>
			<expres>.*\s?(http.*?)\s</expres>
			<page>$doregex[get-m3u8]</page>
			<agent>AppleCoreMedia/1.0.0.11B554a (iPhone; U; CPU OS 7_0_4 like Mac OS X; en_gb)</agent>
			<cookieJar></cookieJar>
		</regex>
		<regex>
			<name>get-m3u8</name>
			<expres>$pyFunction:json.loads(page_data)['event']['stream_info']['m3u8_url']</expres>
			<page>$doregex[get-json]</page>
		</regex>
		<regex>
			<name>get-json</name>
			<expres>config = ({.*})</expres>
			<page>https://new.livestream.com/accounts/13608789/events/4065056/player?width=960&amp;amp;height=540&amp;autoPlay=true&amp;mute=false</page>
			<agent>AppleCoreMedia/1.0.0.11B554a (iPhone; U; CPU OS 7_0_4 like Mac OS X; en_gb)</agent>
			<cookieJar></cookieJar>
		</regex>
	</item>
</streaminginfo>



<streaminginfo><cname>Al Rahma</cname><item><title>You need Youtube Addon</title><link>plugin://plugin.video.youtube/play/?video_id=WDVpm7D9UPg</link></item></streaminginfo>


<streaminginfo>
	<cname>Alinsen</cname>
	<item>
	<title>Med</title>
	<link>$doregex[geturl]</link>
	<regex>
    <name>geturl</name>
    <expres>window.flashvars.src = '(.*?)'</expres>
    <page>https://www.streaminghd.tn/live/Insen-TV</page>
    <cookieJar></cookieJar>
	</regex>
	</item>
</streaminginfo>

<streaminginfo>
	<cname>AlJameela</cname>
	<item>
    	<title>low</title>
    	<link>http://de.live.net.sa:1935/live/alj/playlist.m3u8</link>
	</item>
</streaminginfo>

<streaminginfo><cname>ALNADATV</cname><item><title>You need Youtube Addon</title><link>plugin://plugin.video.youtube/play/?video_id=geC7_YTTRdE</link></item></streaminginfo>

<streaminginfo>
<cname>Coran</cname>
<item>
<title>800</title>
<link>$doregex[url]|User-Agent=iPad</link>
<regex>
	<name>url</name>
	<expres>$pyFunction:'$doregex[jsonurl]'.replace('\/','/').replace('\u0026','&amp;')</expres>
	<page></page>
</regex>
<regex>
	<name>jsonurl</name>
	<expres>url":"(.*?)"</expres>
	<page>http://playtv.fr/player/play/coran-tv-5/?bitrate=800&amp;format=hls&amp;language=ar</page>
	<referer>http://playtv.fr</referer>
</regex>
</item>
</streaminginfo>

<streaminginfo><cname>Ibnothaimeentv</cname><item><title>Alibel You need Youtube Addon</title><link>plugin://plugin.video.youtube/play/?video_id=JuCiQrQRMSI</link></item></streaminginfo>

<streaminginfo><cname>Dar Aleman</cname><item><title>Alibel You need Youtube Addon</title><link>plugin://plugin.video.youtube/play/?video_id=X2krQcc4GGs</link></item></streaminginfo>

<streaminginfo>
	<cname>Iqra</cname>
	<item>
	<title>Elahmed</title>
	<link>http://www.elahmad.com/tv/m3u8/dubaitv.m3u8?id=iqraa_arabic</link>
	</item>
</streaminginfo>
<streaminginfo>
	<cname>Iqra</cname>
	<item>
	<title>Med</title>
	<link>http://iqraa.cdn.mangomolo.com/iqraaar/smil:iqraaardir.smil/chunklist_b2500000_t64NTc2cA==.m3u8</link>
	</item>
</streaminginfo>
<streaminginfo>
	<cname>Iqra America</cname>
	<item>
	<title>Med</title>
	<link>http://iqraa.cdn.mangomolo.com/iqraaen/smil:iqraaen.smil/playlist.m3u8</link>
	</item>
</streaminginfo> 
<streaminginfo>
	<cname>Iqra Europe</cname>
	<item>
	<title>Elahmed</title>
	<link>http://www.elahmad.com/tv/m3u8/dubaitv.m3u8?id=iqraa_africa</link>
	</item>
</streaminginfo> 
<streaminginfo>
	<cname>Iqra Europe</cname>
	<item>
	<title>Med</title>
	<link>http://iqraa.cdn.mangomolo.com/iqraafr/smil:iqraafr.smil/playlist.m3u8</link>
	</item>
</streaminginfo> 

<streaminginfo>
	<cname>Islam Channel UK</cname>
	<item>
	<title>HLS_stream</title>
	<link>http://wowza05.sharp-stream.com:1935/islamtv/mp4:islamtv.stream/chunklist_w110095687.m3u8</link>
	</item>
</streaminginfo>	

<streaminginfo><cname>Kaifa</cname><item><title>188</title><link>http://streaming.i-sat.tv:1935/live/kifa.stream_360p/playlist.m3u8</link></item></streaminginfo>

	<streaminginfo>
		<cname>M3Ali Tv</cname>
		<item>
			<title>elahmad</title>
			<link>rtmp://free.flashwebtown.com:1935/bashaclick playpath=myStream.sdp swfUrl=http://www.elahmad.com/tv/swf/player.swf?file=m3alitv&amp;autostart=true pageUrl=http://www.elahmad.com/tv/m3alitv.php timeout=20</link>
		</item>
	</streaminginfo>


<streaminginfo><cname>Mecca</cname><item><title>Alibel You need Youtube Addon</title><link>plugin://plugin.video.youtube/play/?video_id=-1Cj4cqJ3_I</link></item></streaminginfo>

<streaminginfo>
	<cname>Noor Dubai</cname>
	<item>
	<title>Med</title>
	<link>http://dmi.mangomolo.com:1935/noordubaitv/smil:noordubaitv.smil/chunklist_w512425117_b1200000.m3u8</link>
	</item>
</streaminginfo>

<streaminginfo>
	<cname>Peace TV Asia</cname>
	<item>
	<title>rtmp_Stream</title>
	<link>rtmp://peace.fms.visionip.tv/live/b2b-peace_asia-live-25f-4x3-sdh_1</link>
	</item>
</streaminginfo>
<streaminginfo>
	<cname>Peace TV UK</cname>
	<item>
	<title>rtmp_Stream</title>
	<link>rtmp://peace.fms.visionip.tv/live/b2b-peace_sky-live-25f-4x3-sdh_1</link>
	</item>
</streaminginfo>

<streaminginfo><cname>Quran Hidayah</cname><item><title>You need Youtube Addon</title><link>plugin://plugin.video.youtube/play/?video_id=20PObSQqncc</link></item></streaminginfo>


<streaminginfo>
     <cname>Quran Radio</cname>
	<item>
	<title>Ali Jaber Radio</title>
	<link>mms://50.22.223.13/a_jbr</link>
	</item>
</streaminginfo>

<streaminginfo>
     <cname>Quran Radio</cname>
	<item>
	<title>Mohammad Jibreel Radio</title>
	<link>mms://50.22.223.13/jbrl</link>
	</item>
</streaminginfo>

<streaminginfo>
     <cname>Quran Radio</cname>
	<item>
	<title>Mahmoud Khalil Al-Hussary Radio</title>
	<link>mms://50.22.223.13/husr</link>
	</item>
</streaminginfo>

<streaminginfo>
     <cname>Quran Radio</cname>
	<item>
	<title>Mohammad Ayyub Radio</title>
	<link>mms://50.22.223.13/ayyub</link>
	</item>
</streaminginfo>

<streaminginfo>
     <cname>Quran Radio</cname>
	<item>
	<title>Abdulbasit Abdulsamad Warsh A'n Nafi'</title>
	<link>mms://50.22.223.13/basit_warsh</link>
	</item>
</streaminginfo>

<streaminginfo>
     <cname>Quran Radio</cname>
	<item>
	<title>Abdullah Basfer</title>
	<link>mms://50.22.223.13/bsfr</link>
	</item>
</streaminginfo>

<streaminginfo>
     <cname>Quran Radio</cname>
	<item>
	<title>Saber Abdulhakm Radio</title>
	<link>mms://50.22.223.13/hkm</link>
	</item>
</streaminginfo>

<streaminginfo>
     <cname>Quran Radio</cname>
	<item>
	<title>Jamaan Alosaimi Radio</title>
	<link>mms://50.22.223.13/jaman</link>
	</item>
</streaminginfo>

<streaminginfo>
     <cname>Quran Radio</cname>
	<item>
	<title>Abduulah Kayyat</title>
	<link>mms://50.22.223.13/kyat</link>
	</item>
</streaminginfo>

<streaminginfo>
     <cname>Quran Radio</cname>
	<item>
	<title>Ibrahim Al-Akder</title>
	<link>mms://50.22.223.13/akdr</link>
	</item>
</streaminginfo>

<streaminginfo>
     <cname>Quran Radio</cname>
	<item>
	<title>Abdullah Aljohani</title>
	<link>mms://50.22.223.13/jhn</link>
	</item>
</streaminginfo>

<streaminginfo>
     <cname>Quran Radio</cname>
	<item>
	<title>Saud Al-Shuraim Radio</title>
	<link>mms://50.22.223.13/shur</link>
	</item>
</streaminginfo>

<streaminginfo>
     <cname>Quran Radio</cname>
	<item>
	<title>Yasser Al-Dosari Radio</title>
	<link>mms://50.22.223.13/yasser</link>
	</item>
</streaminginfo>

<streaminginfo>
     <cname>Quran Radio</cname>
	<item>
	<title>Mishary Al Afasi Radio</title>
	<link>mms://50.22.223.13/afs</link>
	</item>
</streaminginfo>

<streaminginfo>
     <cname>Quran Radio</cname>
	<item>
	<title>Abdulbasit Abdulsamad Radio</title>
	<link>mms://50.22.223.13/basit</link>
	</item>
</streaminginfo>

<streaminginfo>
     <cname>Quran Radio</cname>
	<item>
	<title>Nasser Alqatami Radio</title>
	<link>mms://50.22.223.13/qtm</link>
	</item>
</streaminginfo>

<streaminginfo>
     <cname>Quran Radio</cname>
	<item>
	<title>Mohammed Siddiq Al-Minshawi Radio</title>
	<link>mms://50.22.223.13/minsh</link>
	</item>
</streaminginfo>

<streaminginfo>
     <cname>Quran Radio</cname>
	<item>
	<title>Saad Al-Ghamdi Radio</title>
	<link>mms://50.22.223.13/s_gmd</link>
	</item>
</streaminginfo>

<streaminginfo>
     <cname>Quran Radio</cname>
	<item>
	<title>Abdulbasit Abdulsamad - MJAWOAD Radio</title>
	<link>mms://50.22.223.13/basit_mjwd</link>
	</item>
</streaminginfo>

<streaminginfo>
     <cname>Quran Radio</cname>
	<item>
	<title>Khaled Al-Qahtani Radio</title>
	<link>mms://50.22.223.13/qht</link>
	</item>
</streaminginfo>

<streaminginfo>
     <cname>Quran Radio</cname>
	<item>
	<title>Fares Abbad Radio</title>
	<link>mms://50.22.223.13/frs_a</link>
	</item>
</streaminginfo>

<streaminginfo>
     <cname>Quran Radio</cname>
	<item>
	<title>Idrees Abkr Radio</title>
	<link>mms://50.22.223.13/abkr</link>
	</item>
</streaminginfo>

<streaminginfo>
    <cname>Quran Radio</cname>
	<item>
		<title>Shaik Abu Bakr Al Shatri Radio</title>
		<link>mms://50.22.223.13/shatri</link>
	</item>
</streaminginfo>

<streaminginfo>
    <cname>Quran Radio</cname>
	<item>
		<title>Beautiful recitations</title>
		<link>mms://50.22.223.13/salma</link>
	</item>
</streaminginfo>

<streaminginfo>
    <cname>Quran Radio</cname>
	<item>
		<title>Maher Al Meaqli</title>
		<link>mms://50.22.223.13/maher</link>
	</item>
</streaminginfo>

<streaminginfo>
    <cname>Quran Radio</cname>
	<item>
		<title>Ahmad Al-Ajmy Radio</title>
		<link>mms://50.22.223.13/ajm</link>
	</item>
</streaminginfo>

<streaminginfo>
    <cname>Quran Radio</cname>
	<item>
		<title>Abdulrahman Alsudaes Radio</title>
		<link>mms://50.22.223.13/sds</link>
	</item>
</streaminginfo>

<streaminginfo>
     <cname>Quran Radio</cname>
	<item>
	<title>Main Radio</title>
	<link>mms://50.22.223.13/radio</link>
	</item>
</streaminginfo>

<streaminginfo><cname>Quran TV ksa</cname><item><title>You need Youtube Addon</title><link>plugin://plugin.video.youtube/play/?video_id=pREsuJLnpFs</link></item></streaminginfo>
<streaminginfo>
    <cname>Quran TV ksa</cname>
	<item>
	<title>Med</title>
	<link>rtmpt://199.167.151.237/live playpath=sp15_14.stream?key=F0645B69278437229F1C8606B4112D244ABFDEA1B7758ACE0722110E372FB15E swfUrl=http://www.elahmad.com/tv/swf/player.swf?file=quranalkareem&amp;autostart=true&amp;/[[DYNAMIC]]/2/[[DYNAMIC]]/3 pageUrl=http://www.elahmad.com/tv/qurantv.php</link>
	</item>
</streaminginfo>
<streaminginfo>
    <cname>Quran TV ksa</cname>
	<item>
	<title>High</title>
	<link>http://wpc.55d6d.deltacdn.net/3055D6D/teb002/55D6D-channel7/1.m3u8?v=1525040486</link>
	</item>
</streaminginfo>

<streaminginfo>
    <cname>Selah</cname>
	<item>
	<title>Low: You need to install f4m_tester addon from Shani Repo</title>
	<link>plugin://plugin.video.f4mTester/?url=http://streamer11.elementssys.com:8080/selah/archive/1415734692/now/manifest.f4m</link>
	</item>
</streaminginfo>


<streaminginfo><cname>sunnah TV</cname><item><title>You need Youtube Addon</title><link>plugin://plugin.video.youtube/play/?video_id=ZYEKFOPUsmg</link></item></streaminginfo>
<streaminginfo>
	<cname>sunnah TV</cname>
	<item>
	<title>Med</title>
	<link>http://wpc.55d6d.deltacdn.net/3055D6D/teb002/55D6D-channel8/1.m3u8?v=1525040486</link>
	</item>
</streaminginfo>
<streaminginfo>
	<cname>sunnah TV</cname>
	<item>
	<title>Elahmad</title>
	<link>http://www.elahmad.com/tv/m3u8/sauditv.m3u8?id=sunnatv</link>
	</item>
</streaminginfo> 

<streaminginfo>
   	<cname>Syria Nour</cname>
	<item>
	<title>Low</title>
	<link>http://82.137.248.21:1935/Nour/NourLive1/playlist.m3u8</link>
	</item>
</streaminginfo>
<streaminginfo>
    <cname>Syria Nour</cname>
	<item>
	<title>Med: You need to install f4m_tester addon from Shani Repo</title>
	<link>plugin://plugin.video.f4mTester/?url=http://82.137.248.21:1935/Nour/NourLive3/manifest.f4m</link>
	</item>
</streaminginfo>
<streaminginfo>
   	<cname>Syria Nour</cname>
	<item>
	<title>Med</title>
	<link>http://82.137.248.21:1935/Nour/NourLive2/playlist.m3u8</link>
	</item>
</streaminginfo>
<streaminginfo>
   	<cname>Syria Nour</cname>
	<item>
	<title>High</title>
	<link>http://82.137.248.21:1935/Nour/NourLive3/playlist.m3u8</link>
	</item>
</streaminginfo>

<streaminginfo>
	<cname>Tanasuh</cname>
	<item><title>Med</title>
	<link>http://m.live.net.sa:1935/m/tanasuhtv/chunklist.m3u8</link>
	</item>
</streaminginfo>

	<streaminginfo>
		<cname>Wesal Tv</cname>
		<item>
			<title>elahmad</title>
			<link>rtmp://109.123.123.82:1935/wesal playpath=wesal1 swfUrl=http://www.elahmad.com/tv/swf/wesaltv.swf?autostart=true pageUrl=http://www.elahmad.com/tv/wesaltv.htm timeout=20</link>
		</item>
	</streaminginfo>


<!-- Islam Channels End -->

</streamingInfos>
