<streamingInfos>

<streaminginfo>
	<cname>SNTV</cname>
	<item>
	<title>Proxy High</title>
	<link>http://$GLProxyIP$:4500/channel.flv?server=$GL-IPHD$&amp;channel=SNTV_High&amp;port=2077&amp;user=$GL-User$&amp;session=$GL-Sesession$</link>
	</item>
</streaminginfo>
<streaminginfo>
	<cname>SNTV</cname>
	<item>
	<title>Low</title>
	<link>http://$GL-IPLOW$:4500/Aden_LR.m3u8?session=$GL-Sesession$</link>
	</item>
</streaminginfo>
<streaminginfo>
	<cname>Alrayan</cname>
	<item>
	<title>Med</title>
	<link>http://$GL-IPLOW$:7777/AlRayyan.m3u8?session=$GL-Sesession$</link>
	</item>
</streaminginfo>
<streaminginfo>
	<cname>Alrayan2</cname>
	<item>
	<title>Med</title>
	<link>http://$GL-IPLOW$:7777/AlRayyan2.m3u8?session=$GL-Sesession$</link>
	</item>
</streaminginfo>
<streaminginfo>
	<cname>2M</cname>
	<item>
	<title>Low</title>
	<link>http://$GL-IPLOW$:7777/M2Morocco.m3u8?session=$GL-Sesession$</link>
	</item>
</streaminginfo>
<streaminginfo>
	<cname>7Stars</cname>
	<item>
	<title>Low</title>
	<link>http://$GL-IPLOW$:7777/7Stars.m3u8?session=$GL-Sesession$</link>
	</item>
</streaminginfo>
<streaminginfo>
	<cname>AAAMusic</cname>
	<item>
	<title>Low</title>
	<link>http://$GL-IPLOW$:7777/AAAMusic.m3u8?session=$GL-Sesession$</link>
	</item>
</streaminginfo>
<streaminginfo>
	<cname>ABN</cname>
	<item>
	<title>Low</title>
	<link>http://$GL-IPLOW$:7777/ABN.m3u8?session=$GL-Sesession$</link>
	</item>
</streaminginfo>
<streaminginfo>
	<cname>Abu Dhabi Sports 1</cname>
	<item>
	<title>Low</title>
	<link>http://$GL-IPLOW$:7777/ADSport.m3u8?session=$GL-Sesession$</link>
	</item>
</streaminginfo>
<streaminginfo>
<cname>Aden</cname> 
<item>
 <title>Proxy HD</title> 
 <link>http://$GLProxyIP$:4500/channel.flv?server=$GL-IPHD$&amp;channel=Aden_Med&amp;port=2077&amp;user=$GL-User$&amp;session=$GL-Sesession$</link>
 </item>
 </streaminginfo>
<streaminginfo>
	<cname>Aden</cname>
	<item>
	<title>Low</title>
	<link>http://$GL-IPLOW$:7777/Aden_Med.m3u8?session=$GL-Sesession$</link>
	</item>
</streaminginfo>
<streaminginfo>
	<cname>Aghanina</cname>
	<item>
	<title>Low</title>
	<link>http://$GL-IPLOW$:7777/Aghanina.m3u8?session=$GL-Sesession$</link>
	</item>
</streaminginfo>
<streaminginfo>
	<cname>Ajman</cname>
	<item>
	<title>Low</title>
	<link>http://$GL-IPLOW$:7777/Ajman.m3u8?session=$GL-Sesession$</link>
	</item>
</streaminginfo>
<streaminginfo>
	<cname>Ajyal</cname>
	<item>
	<title>Low</title>
	<link>http://$GL-IPLOW$:7777/AjyalTV.m3u8?session=$GL-Sesession$</link>
	</item>
</streaminginfo>
<streaminginfo>
	<cname>Al Adala</cname>
	<item>
	<title>Low</title>
	<link>http://$GL-IPLOW$:7777/AlAhlyTV.m3u8?session=$GL-Sesession$</link>
	</item>
</streaminginfo>

<streaminginfo>
	<cname>Al Amaken Drama</cname>
	<item>
	<title>Low</title>
	<link>http://$GL-IPLOW$:7777/AlAmakenDrama.m3u8?session=$GL-Sesession$</link>
	</item>
</streaminginfo>
<streaminginfo>
	<cname>Al Eqtisadiyah</cname>
	<item>
	<title>Low</title>
	<link>http://$GL-IPLOW$:7777/AlEqtisadiyah.m3u8?session=$GL-Sesession$</link>
	</item>
</streaminginfo>
<streaminginfo>
	<cname>Al Fayhaa</cname>
	<item>
	<title>Low</title>
	<link>http://$GL-IPLOW$:7777/AlFayhaa.m3u8?session=$GL-Sesession$</link>
	</item>
</streaminginfo>
<streaminginfo>
	<cname>Al Haqeeqa</cname>
	<item>
	<title>Low</title>
	<link>http://$GL-IPLOW$:7777/AlHaqeeqa.m3u8?session=$GL-Sesession$</link>
	</item>
</streaminginfo>
<streaminginfo>
	<cname>KSA News</cname>
	<item>
	<title>Low</title>
	<link>http://$GL-IPLOW$:7777/AlEkhbariya.m3u8?session=$GL-Sesession$</link>
	</item>
</streaminginfo>
<streaminginfo>
	<cname>Al Kout</cname>
	<item>
	<title>Low</title>
	<link>http://$GL-IPLOW$:7777/AlKout.m3u8?session=$GL-Sesession$</link>
	</item>
</streaminginfo>
<streaminginfo>
	<cname>Al Maghribia</cname>
	<item>
	<title>Low</title>
	<link>http://$GL-IPLOW$:7777/AlMaghribia.m3u8?session=$GL-Sesession$</link>
	</item>
</streaminginfo>
<streaminginfo>
	<cname>Al Majd</cname>
	<item>
	<title>Low</title>
	<link>http://$GL-IPLOW$:7777/AlmajdSpace.m3u8?session=$GL-Sesession$</link>
	</item>
</streaminginfo>
<streaminginfo>
	<cname>Al Manar</cname>
	<item>
	<title>Low</title>
	<link>http://$GL-IPLOW$:7777/AlManar.m3u8?session=$GL-Sesession$</link>
	</item>
</streaminginfo>
<streaminginfo>
	<cname>Al Masar</cname>
	<item>
	<title>Low</title>
	<link>http://$GL-IPLOW$:7777/AlMasar.m3u8?session=$GL-Sesession$</link>
	</item>
</streaminginfo>
<streaminginfo>
	<cname>Al Masriyah</cname>
	<item>
	<title>Low</title>
	<link>http://$GL-IPLOW$:7777/AlMasriyah.m3u8?session=$GL-Sesession$</link>
	</item>
</streaminginfo>
<streaminginfo>
	<cname>Al Moustakilla</cname>
	<item>
	<title>Low</title>
	<link>http://$GL-IPLOW$:7777/AlMustakila.m3u8?session=$GL-Sesession$</link>
	</item>
</streaminginfo>
<streaminginfo>
	<cname>Al Ordonia</cname>
	<item>
	<title>Low</title>
	<link>http://$GL-IPLOW$:7777/AlOrdoni.m3u8?session=$GL-Sesession$</link>
	</item>
</streaminginfo>
<streaminginfo>
	<cname>Al oula Maroc</cname>
	<item>
	<title>Low</title>
	<link>http://$GL-IPLOW$:7777/AlAoulaEurope.m3u8?session=$GL-Sesession$</link>
	</item>
</streaminginfo>
<streaminginfo>
	<cname>Al Rafidain</cname>
	<item>
	<title>Low</title>
	<link>http://$GL-IPLOW$:7777/AlRafidain.m3u8?session=$GL-Sesession$</link>
	</item>
</streaminginfo>
<streaminginfo>
	<cname>Al Rasheed</cname>
	<item>
	<title>Low</title>
	<link>http://$GL-IPLOW$:7777/AlRasheed.m3u8?session=$GL-Sesession$</link>
	</item>
</streaminginfo>
<streaminginfo>
	<cname>Al Sabah</cname>
	<item>
	<title>Low</title>
	<link>http://$GL-IPLOW$:7777/AlSabah.m3u8?session=$GL-Sesession$</link>
	</item>
</streaminginfo>
<streaminginfo>
	<cname>Al sahraa</cname>
	<item>
	<title>Low</title>
	<link>http://$GL-IPLOW$:7777/AlSahraa.m3u8?session=$GL-Sesession$</link>
	</item>
</streaminginfo>
<streaminginfo>
	<cname>Al Shaab</cname>
	<item>
	<title>Low</title>
	<link>http://$GL-IPLOW$:7777/AlShaab.m3u8?session=$GL-Sesession$</link>
	</item>
</streaminginfo>
<streaminginfo>
	<cname>Al Sharqiya News</cname>
	<item>
	<title>Low</title>
	<link>http://$GL-IPLOW$:7777/AlsharqiyaNews.m3u8?session=$GL-Sesession$</link>
	</item>
</streaminginfo>
<streaminginfo>
	<cname>Al Sharqiya</cname>
	<item>
	<title>Low</title>
	<link>http://$GL-IPLOW$:7777/AlSharqiya.m3u8?session=$GL-Sesession$</link>
	</item>
</streaminginfo>
<streaminginfo>
	<cname>Al Sumaria</cname>
	<item>
	<title>Low</title>
	<link>http://$GL-IPLOW$:7777/Alsumaria.m3u8?session=$GL-Sesession$</link>
	</item>
</streaminginfo>
<streaminginfo>
	<cname>Al Taghier</cname>
	<item>
	<title>Low</title>
	<link>http://$GL-IPLOW$:7777/AlTaghier.m3u8?session=$GL-Sesession$</link>
	</item>
</streaminginfo>
<streaminginfo>
	<cname>Al Thakafiyah</cname>
	<item>
	<title>Low</title>
	<link>http://$GL-IPLOW$:7777/AlThakafiyah.m3u8?session=$GL-Sesession$</link>
	</item>
</streaminginfo>
<streaminginfo>
	<cname>Al-hurra Iraq</cname>
	<item>
	<title>Low</title>
	<link>http://$GL-IPLOW$:7777/AlhurraIraq.m3u8?session=$GL-Sesession$</link>
	</item>
</streaminginfo>
<streaminginfo>
	<cname>Al-Resalah</cname>
	<item>
	<title>Low</title>
	<link>http://$GL-IPLOW$:7777/AlResala.m3u8?session=$GL-Sesession$</link>
	</item>
</streaminginfo>
<streaminginfo>
	<cname>Aldiyar</cname>
	<item>
	<title>Low</title>
	<link>http://$GL-IPLOW$:7777/AldiyarSat.m3u8?session=$GL-Sesession$</link>
	</item>
</streaminginfo>
<streaminginfo>
	<cname>Algeria 3</cname>
	<item>
	<title>Low</title>
	<link>http://$GL-IPLOW$:7777/Thalitha.m3u8?session=$GL-Sesession$</link>
	</item>
</streaminginfo>
<streaminginfo>
	<cname>AlGeria</cname>
	<item>
	<title>Low</title>
	<link>http://$GL-IPLOW$:7777/CanalAlgerie.m3u8?session=$GL-Sesession$</link>
	</item>
</streaminginfo>
<streaminginfo>
	<cname>Aliraqia 2</cname>
	<item>
	<title>Low</title>
	<link>http://$GL-IPLOW$:7777/AlIraqia2.m3u8?session=$GL-Sesession$</link>
	</item>
</streaminginfo>
<streaminginfo>
	<cname>Aliraqiya</cname>
	<item>
	<title>Low</title>
	<link>http://$GL-IPLOW$:7777/AlIraqiya.m3u8?session=$GL-Sesession$</link>
	</item>
</streaminginfo>
<streaminginfo>
	<cname>Aljazeera En</cname>
	<item>
	<title>Low</title>
	<link>http://$GL-IPLOW$:7777/AlJazeeraEnglish.m3u8?session=$GL-Sesession$</link>
	</item>
</streaminginfo>
<streaminginfo>
	<cname>AlJazeera</cname>
	<item>
	<title>Low</title>
	<link>http://$GL-IPLOW$:7777/AlJazeera.m3u8?session=$GL-Sesession$</link>
	</item>
</streaminginfo>
<streaminginfo>
	<cname>Alkarama_Christian</cname>
	<item>
	<title>Low</title>
	<link>http://$GL-IPLOW$:7777/AlKarma.m3u8?session=$GL-Sesession$</link>
	</item>
</streaminginfo>
<streaminginfo>
	<cname>alkass</cname>
	<item>
	<title>Low</title>
	<link>http://$GL-IPLOW$:7777/AlDawriAlKassSport.m3u8?session=$GL-Sesession$</link>
	</item>
</streaminginfo>
<streaminginfo>
	<cname>AlMalakot</cname>
	<item>
	<title>Low</title>
	<link>http://$GL-IPLOW$:7777/AlMalakot.m3u8?session=$GL-Sesession$</link>
	</item>
</streaminginfo>

<streaminginfo>
	<cname>AlMukhales</cname>
	<item>
	<title>Low</title>
	<link>http://$GL-IPLOW$:7777/AlMukhales.m3u8?session=$GL-Sesession$</link>
	</item>
</streaminginfo>
<streaminginfo>
	<cname>Alqudis</cname>
	<item>
	<title>Low</title>
	<link>http://$GL-IPLOW$:7777/Alquds.m3u8?session=$GL-Sesession$</link>
	</item>
</streaminginfo>

<streaminginfo>
	<cname>Alriadia Sport</cname>
	<item>
	<title>Low</title>
	<link>http://$GL-IPLOW$:7777/Arryadia.m3u8?session=$GL-Sesession$</link>
	</item>
</streaminginfo>

<streaminginfo>
	<cname>Arrabia</cname>
	<item>
	<title>Low</title>
	<link>http://$GL-IPLOW$:7777/Arrabiaa.m3u8?session=$GL-Sesession$</link>
	</item>
</streaminginfo>
<streaminginfo>
	<cname>Assadissa</cname>
	<item>
	<title>Low</title>
	<link>http://$GL-IPLOW$:7777/Assadissa.m3u8?session=$GL-Sesession$</link>
	</item>
</streaminginfo>
<streaminginfo>
	<cname>sunnah TV</cname>
	<item>
	<title>Low</title>
	<link>http://$GL-IPLOW$:7777/AlSunnah.m3u8?session=$GL-Sesession$</link>
	</item>
</streaminginfo>
<streaminginfo>
	<cname>BAHRAIN SPORTS</cname>
	<item>
	<title>Low</title>
	<link>http://$GL-IPLOW$:7777/BahrainSport.m3u8?session=$GL-Sesession$</link>
	</item>
</streaminginfo>
<streaminginfo>
	<cname>Bahrain</cname>
	<item>
	<title>Low</title>
	<link>http://$GL-IPLOW$:7777/Bahrain.m3u8?session=$GL-Sesession$</link>
	</item>
</streaminginfo>
<streaminginfo>
	<cname>BBC Arabic</cname>
	<item>
	<title>Low</title>
	<link>http://$GL-IPLOW$:7777/BBCArabic.m3u8?session=$GL-Sesession$</link>
	</item>
</streaminginfo>
<streaminginfo>
	<cname>Beladi</cname>
	<item>
	<title>Low</title>
	<link>http://$GL-IPLOW$:7777/Beladi.m3u8?session=$GL-Sesession$</link>
	</item>
</streaminginfo>
<streaminginfo>
	<cname>Blue Nile</cname>
	<item>
	<title>Low</title>
	<link>http://$GL-IPLOW$:7777/BlueNile.m3u8?session=$GL-Sesession$</link>
	</item>
</streaminginfo>
<streaminginfo>
	<cname>CCTV Arabic</cname>
	<item>
	<title>Low</title>
	<link>http://$GL-IPLOW$:7777/CCTVArabia.m3u8?session=$GL-Sesession$</link>
	</item>
</streaminginfo>
<streaminginfo>
	<cname>Coptic_Christian</cname>
	<item>
	<title>Low</title>
	<link>http://$GL-IPLOW$:7777/CTVEgypt.m3u8?session=$GL-Sesession$</link>
	</item>
</streaminginfo>
<streaminginfo>
	<cname>Djibouti</cname>
	<item>
	<title>Low</title>
	<link>http://$GL-IPLOW$:7777/RTD.m3u8?session=$GL-Sesession$</link>
	</item>
</streaminginfo>
<streaminginfo>
	<cname>DW Arabic</cname>
	<item>
	<title>Low</title>
	<link>http://$GL-IPLOW$:7777/DWTVArabia.m3u8?session=$GL-Sesession$</link>
	</item>
</streaminginfo>
<streaminginfo>
	<cname>Egypt 2</cname>
	<item>
	<title>Low</title>
	<link>http://$GL-IPLOW$:7777/AlThanya.m3u8?session=$GL-Sesession$</link>
	</item>
</streaminginfo>
<streaminginfo>
	<cname>France 24</cname>
	<item>
	<title>Low</title>
	<link>http://$GL-IPLOW$:7777/France24Arabic.m3u8?session=$GL-Sesession$</link>
	</item>
</streaminginfo>
<streaminginfo>
	<cname>Funoon</cname>
	<item>
	<title>Low</title>
	<link>http://$GL-IPLOW$:7777/Funoon.m3u8?session=$GL-Sesession$</link>
	</item>
</streaminginfo>
<streaminginfo>
	<cname>GearOne</cname>
	<item>
	<title>Low</title>
	<link>http://$GL-IPLOW$:7777/GearOne.m3u8?session=$GL-Sesession$</link>
	</item>
</streaminginfo>
<streaminginfo>
	<cname>Hanibal</cname>
	<item>
	<title>Low</title>
	<link>http://$GL-IPLOW$:7777/Hannibal.m3u8?session=$GL-Sesession$</link>
	</item>
</streaminginfo>
<streaminginfo>
	<cname>HodHod</cname>
	<item>
	<title>Low</title>
	<link>http://$GL-IPLOW$:7777/HodHod.m3u8?session=$GL-Sesession$</link>
	</item>
</streaminginfo>
<streaminginfo>
	<cname>Huda</cname>
	<item>
	<title>Low</title>
	<link>http://$GL-IPLOW$:7777/Huda.m3u8?session=$GL-Sesession$</link>
	</item>
</streaminginfo>
<streaminginfo>
	<cname>Karameesh</cname>
	<item>
	<title>Low</title>
	<link>http://$GL-IPLOW$:7777/Karameesh.m3u8?session=$GL-Sesession$</link>
	</item>
</streaminginfo>
<streaminginfo>
	<cname>Khartoum</cname>
	<item>
	<title>Low</title>
	<link>http://$GL-IPLOW$:7777/KhartoumTV.m3u8?session=$GL-Sesession$</link>
	</item>
</streaminginfo>
<streaminginfo>
	<cname>KSA 1</cname>
	<item>
	<title>Low</title>
	<link>http://$GL-IPLOW$:7777/SaudiArabia1.m3u8?session=$GL-Sesession$</link>
	</item>
</streaminginfo>
<streaminginfo>
	<cname>KSA 2</cname>
	<item>
	<title>Low</title>
	<link>http://$GL-IPLOW$:7777/KSA2.m3u8?session=$GL-Sesession$</link>
	</item>
</streaminginfo>
<streaminginfo>
	<cname>KTV Sport Plus</cname>
	<item>
	<title>Low</title>
	<link>http://$GL-IPLOW$:7777/KTV3Plus.m3u8?session=$GL-Sesession$</link>
	</item>
</streaminginfo>
<streaminginfo>
	<cname>KTV 2</cname>
	<item>
	<title>Low</title>
	<link>http://$GL-IPLOW$:7777/KTV2Kuwait.m3u8?session=$GL-Sesession$</link>
	</item>
</streaminginfo>
<streaminginfo>
	<cname>Kuwait</cname>
	<item>
	<title>Low</title>
	<link>http://$GL-IPLOW$:7777/KuwaitSpace.m3u8?session=$GL-Sesession$</link>
	</item>
</streaminginfo>
<streaminginfo>
	<cname>Libya</cname>
	<item>
	<title>Low</title>
	<link>http://$GL-IPLOW$:7777/AlAhrar.m3u8?session=$GL-Sesession$</link>
	</item>
</streaminginfo>
<streaminginfo>
	<cname>LLBN</cname>
	<item>
	<title>Low</title>
	<link>http://$GL-IPLOW$:7777/LLBN.m3u8?session=$GL-Sesession$</link>
	</item>
</streaminginfo>
<streaminginfo>
	<cname>Mahbooba</cname>
	<item>
	<title>Low</title>
	<link>http://$GL-IPLOW$:7777/Mahbooba.m3u8?session=$GL-Sesession$</link>
	</item>
</streaminginfo>
<streaminginfo>
	<cname>Mara7</cname>
	<item>
	<title>Low</title>
	<link>http://$GL-IPLOW$:7777/Mara7.m3u8?session=$GL-Sesession$</link>
	</item>
</streaminginfo>
<streaminginfo>
	<cname>Massaya</cname>
	<item>
	<title>Low</title>
	<link>http://$GL-IPLOW$:7777/Massaya.m3u8?session=$GL-Sesession$</link>
	</item>
</streaminginfo>
<streaminginfo>
	<cname>Mauritanie</cname>
	<item>
	<title>Low</title>
	<link>http://$GL-IPLOW$:7777/MauritaniaTV.m3u8?session=$GL-Sesession$</link>
	</item>
</streaminginfo>
<streaminginfo>
	<cname>Mea</cname>
	<item>
	<title>Low</title>
	<link>http://$GL-IPLOW$:7777/MeaTV.m3u8?session=$GL-Sesession$</link>
	</item>
</streaminginfo>
<streaminginfo>
	<cname>Medi 1 Sat</cname>
	<item>
	<title>Low</title>
	<link>http://$GL-IPLOW$:7777/Medi1.m3u8?session=$GL-Sesession$</link>
	</item>
</streaminginfo>
<streaminginfo>
	<cname>Mehwar</cname>
	<item>
	<title>Low</title>
	<link>http://$GL-IPLOW$:7777/ElMehwar.m3u8?session=$GL-Sesession$</link>
	</item>
</streaminginfo>
<streaminginfo>
	<cname>Miracle</cname>
	<item>
	<title>Low</title>
	<link>http://$GL-IPLOW$:7777/Miracle.m3u8?session=$GL-Sesession$</link>
	</item>
</streaminginfo>
<streaminginfo>
	<cname>Music+</cname>
	<item>
	<title>Low</title>
	<link>http://$GL-IPLOW$:7777/MusicPlus.m3u8?session=$GL-Sesession$</link>
	</item>
</streaminginfo>
<streaminginfo>
	<cname>Nart</cname>
	<item>
	<title>Low</title>
	<link>http://$GL-IPLOW$:7777/Nart.m3u8?session=$GL-Sesession$</link>
	</item>
</streaminginfo>
<streaminginfo>
	<cname>Neelain Sport</cname>
	<item>
	<title>Low</title>
	<link>http://$GL-IPLOW$:7777/NeelainSport.m3u8?session=$GL-Sesession$</link>
	</item>
</streaminginfo>
<streaminginfo>
	<cname>Nessma</cname>
	<item>
	<title>Low</title>
	<link>http://$GL-IPLOW$:7777/Nessma.m3u8?session=$GL-Sesession$</link>
	</item>
</streaminginfo>
<streaminginfo>
	<cname>Sout El Shaab</cname>
	<item>
	<title>Low</title>
	<link>http://$GL-IPLOW$:7777/NileDrama2.m3u8?session=$GL-Sesession$</link>
	</item>
</streaminginfo>
<streaminginfo>
	<cname>Nile Family</cname>
	<item>
	<title>Low</title>
	<link>http://$GL-IPLOW$:7777/NileFamily.m3u8?session=$GL-Sesession$</link>
	</item>
</streaminginfo>
<streaminginfo>
	<cname>Nile Life</cname>
	<item>
	<title>Low</title>
	<link>http://$GL-IPLOW$:7777/NileLife.m3u8?session=$GL-Sesession$</link>
	</item>
</streaminginfo>
<streaminginfo>
	<cname>Nile News</cname>
	<item>
	<title>Low</title>
	<link>http://$GL-IPLOW$:7777/NileNews.m3u8?session=$GL-Sesession$</link>
	</item>
</streaminginfo>
<streaminginfo>
	<cname>Nile Sport</cname>
	<item>
	<title>Low</title>
	<link>http://$GL-IPLOW$:7777/NileSport.m3u8?session=$GL-Sesession$</link>
	</item>
</streaminginfo>
<streaminginfo>
	<cname>Nojoom1</cname>
	<item>
	<title>Low</title>
	<link>http://$GL-IPLOW$:7777/Nojoom1.m3u8?session=$GL-Sesession$</link>
	</item>
</streaminginfo>
<streaminginfo>
	<cname>Noor Dubai</cname>
	<item>
	<title>Low</title>
	<link>http://$GL-IPLOW$:7777/NoorDubai.m3u8?session=$GL-Sesession$</link>
	</item>
</streaminginfo>
<streaminginfo>
	<cname>Nourmina</cname>
	<item>
	<title>Low</title>
	<link>http://$GL-IPLOW$:7777/Nourmina.m3u8?session=$GL-Sesession$</link>
	</item>
</streaminginfo>
<streaminginfo>
	<cname>Noursat</cname>
	<item>
	<title>Low</title>
	<link>http://$GL-IPLOW$:7777/Noursat.m3u8?session=$GL-Sesession$</link>
	</item>
</streaminginfo>
<streaminginfo>
	<cname>NoursatAlShabab</cname>
	<item>
	<title>Low</title>
	<link>http://$GL-IPLOW$:7777/NourAlShabab.m3u8?session=$GL-Sesession$</link>
	</item>
</streaminginfo>
<streaminginfo>
	<cname>Om Durman</cname>
	<item>
	<title>Low</title>
	<link>http://$GL-IPLOW$:7777/OmDurman.m3u8?session=$GL-Sesession$</link>
	</item>
</streaminginfo>
<streaminginfo>
	<cname>Oman</cname>
	<item>
	<title>Low</title>
	<link>http://$GL-IPLOW$:7777/Oman.m3u8?session=$GL-Sesession$</link>
	</item>
</streaminginfo>
<streaminginfo>
	<cname>Oyoun Jeddah</cname>
	<item>
	<title>Low</title>
	<link>http://$GL-IPLOW$:7777/OyounJeddah.m3u8?session=$GL-Sesession$</link>
	</item>
</streaminginfo>
<streaminginfo>
	<cname>Palestine AlYawm</cname>
	<item>
	<title>Low</title>
	<link>http://$GL-IPLOW$:7777/PalestineAlYawm.m3u8?session=$GL-Sesession$</link>
	</item>
</streaminginfo>
<streaminginfo>
	<cname>Palestine Live</cname>
	<item>
	<title>Low</title>
	<link>http://$GL-IPLOW$:7777/PalestineLive.m3u8?session=$GL-Sesession$</link>
	</item>
</streaminginfo>
<streaminginfo>
	<cname>Palestine</cname>
	<item>
	<title>Low</title>
	<link>http://$GL-IPLOW$:7777/Palestinian.m3u8?session=$GL-Sesession$</link>
	</item>
</streaminginfo>
<streaminginfo>
	<cname>Qatar</cname>
	<item>
	<title>Low</title>
	<link>http://$GL-IPLOW$:7777/Qatar.m3u8?session=$GL-Sesession$</link>
	</item>
</streaminginfo>
<streaminginfo>
	<cname>Quran TV ksa</cname>
	<item>
	<title>Low</title>
	<link>http://$GL-IPLOW$:7777/AlQuran.m3u8?session=$GL-Sesession$</link>
	</item>
</streaminginfo>
<streaminginfo>
	<cname>Roya</cname>
	<item>
	<title>Low</title>
	<link>http://$GL-IPLOW$:7777/Roya.m3u8?session=$GL-Sesession$</link>
	</item>
</streaminginfo>
<streaminginfo>
	<cname>Russia Alyaum</cname>
	<item>
	<title>Low</title>
	<link>http://$GL-IPLOW$:7777/RussiyaAlYaum.m3u8?session=$GL-Sesession$</link>
	</item>
</streaminginfo>
<streaminginfo>
	<cname>Sama Dubai</cname>
	<item>
	<title>Low</title>
	<link>http://$GL-IPLOW$:7777/SamaDubai.m3u8?session=$GL-Sesession$</link>
	</item>
</streaminginfo>
<streaminginfo>
	<cname>Sama Syria</cname>
	<item>
	<title>Low</title>
	<link>http://$GL-IPLOW$:7777/SamaTV.m3u8?session=$GL-Sesession$</link>
	</item>
</streaminginfo>
<streaminginfo>
	<cname>Sat7 Kid</cname>
	<item>
	<title>Low</title>
	<link>http://$GL-IPLOW$:7777/Sat7Kid.m3u8?session=$GL-Sesession$</link>
	</item>
</streaminginfo>
<streaminginfo>
	<cname>Saudia Sport</cname>
	<item>
	<title>Low</title>
	<link>http://$GL-IPLOW$:7777/AlRiyadiah.m3u8?session=$GL-Sesession$</link>
	</item>
</streaminginfo>
<streaminginfo>
	<cname>Scope</cname>
	<item>
	<title>Low</title>
	<link>http://$GL-IPLOW$:7777/ScopeTV.m3u8?session=$GL-Sesession$</link>
	</item>
</streaminginfo>
<streaminginfo>
	<cname>Sharjah</cname>
	<item>
	<title>Low</title>
	<link>http://$GL-IPLOW$:7777/SharjahTV.m3u8?session=$GL-Sesession$</link>
	</item>
</streaminginfo>
<streaminginfo>
	<cname>Sheba</cname>
	<item>
	<title>Low</title>
	<link>http://$GL-IPLOW$:7777/Sheba.m3u8?session=$GL-Sesession$</link>
	</item>
</streaminginfo>
<streaminginfo>
	<cname>SM SM KIDS</cname>
	<item>
	<title>Low</title>
	<link>http://$GL-IPLOW$:7777/Semsem.m3u8?session=$GL-Sesession$</link>
	</item>
</streaminginfo>
<streaminginfo>
	<cname>Sudan TV</cname>
	<item>
	<title>Low</title>
	<link>http://$GL-IPLOW$:7777/Sudan.m3u8?session=$GL-Sesession$</link>
	</item>
</streaminginfo>
<streaminginfo>
	<cname>sunnah TV</cname>
	<item>
	<title>Low</title>
	<link>http://$GL-IPLOW$:7777/AlSunnah.m3u8?session=$GL-Sesession$</link>
	</item>
</streaminginfo>
<streaminginfo>
	<cname>Syria Drama</cname>
	<item>
	<title>Low</title>
	<link>http://$GL-IPLOW$:7777/SyriaDrama.m3u8?session=$GL-Sesession$</link>
	</item>
</streaminginfo>
<streaminginfo>
	<cname>Syria Nour</cname>
	<item>
	<title>Low</title>
	<link>http://$GL-IPLOW$:7777/NourElSham.m3u8?session=$GL-Sesession$</link>
	</item>
</streaminginfo>
<streaminginfo>
	<cname>Syria Sedu</cname>
	<item>
	<title>Low</title>
	<link>http://$GL-IPLOW$:7777/SyrianEducation.m3u8?session=$GL-Sesession$</link>
	</item>
</streaminginfo>
<streaminginfo>
	<cname>Syria</cname>
	<item>
	<title>Low</title>
	<link>http://$GL-IPLOW$:7777/SyriaSat.m3u8?session=$GL-Sesession$</link>
	</item>
</streaminginfo>

<streaminginfo>
	<cname>Taha</cname>
	<item>
	<title>Low</title>
	<link>http://$GL-IPLOW$:7777/Taha.m3u8?session=$GL-Sesession$</link>
	</item>
</streaminginfo>
<streaminginfo>
	<cname>Tamazigh Maroc</cname>
	<item>
	<title>Low</title>
	<link>http://$GL-IPLOW$:7777/Tamazight.m3u8?session=$GL-Sesession$</link>
	</item>
</streaminginfo>
<streaminginfo>
	<cname>Tele Liban</cname>
	<item>
	<title>Low</title>
	<link>http://$GL-IPLOW$:7777/TeleLiban.m3u8?session=$GL-Sesession$</link>
	</item>
</streaminginfo>
<streaminginfo>
	<cname>Tayba</cname>
	<item>
	<title>Low</title>
	<link>http://$GL-IPLOW$:7777/Tayba.m3u8?session=$GL-Sesession$</link>
	</item>
</streaminginfo>
<streaminginfo>
	<cname>Toyor Al Janah</cname>
	<item>
	<title>Low</title>
	<link>http://$GL-IPLOW$:7777/ToyorAlJanah.m3u8?session=$GL-Sesession$</link>
	</item>
</streaminginfo>
<streaminginfo>
	<cname>TRT Arabic</cname>
	<item>
	<title>Low</title>
	<link>http://$GL-IPLOW$:7777/TRTArabic.m3u8?session=$GL-Sesession$</link>
	</item>
</streaminginfo>
<streaminginfo>
	<cname>Tunisia national 1</cname>
	<item>
	<title>Low</title>
	<link>http://$GL-IPLOW$:7777/Tunisie7.m3u8?session=$GL-Sesession$</link>
	</item>
</streaminginfo>
<streaminginfo>
	<cname>Wanasah</cname>
	<item>
	<title>Low</title>
	<link>http://$GL-IPLOW$:7777/Wanasah.m3u8?session=$GL-Sesession$</link>
	</item>
</streaminginfo>
<streaminginfo>
	<cname>Yemen</cname>
	<item>
	<title>Low</title>
	<link>http://$GL-IPLOW$:7777/Yemen.m3u8?session=$GL-Sesession$</link>
	</item>
</streaminginfo>
<streaminginfo>
	<cname>Zweina Bladna</cname>
	<item>
	<title>Low</title>
	<link>http://$GL-IPLOW$:7777/ZweinaBaladna.m3u8?session=$GL-Sesession$</link>
	</item>
</streaminginfo>
<streaminginfo>
	<cname>2M</cname>
	<item>
	<title>Proxy Med</title>
	<link>http://$GLProxyIP$:4500/channel.flv?server=$GL-IPMED$&amp;channel=M2Morocco_Med&amp;port=2077&amp;session=$GL-Sesession$</link>
	</item>
</streaminginfo>
<streaminginfo>
	<cname>7Stars</cname>
	<item>
	<title>Proxy Med</title>
	<link>http://$GLProxyIP$:4500/channel.flv?server=$GL-IPMED$&amp;channel=7Stars_Med&amp;port=2077&amp;session=$GL-Sesession$</link>
	</item>
</streaminginfo>
<streaminginfo>
	<cname>ABN</cname>
	<item>
	<title>Proxy Med</title>
	<link>http://$GLProxyIP$:4500/channel.flv?server=$GL-IPMED$&amp;channel=ABN_Med&amp;port=2077&amp;session=$GL-Sesession$</link>
	</item>
</streaminginfo>
<streaminginfo>
	<cname>Abu Dhabi Sports 1</cname>
	<item>
	<title>Proxy Med</title>
	<link>http://$GLProxyIP$:4500/channel.flv?server=$GL-IPMED$&amp;channel=ADSport_Med&amp;port=2077&amp;session=$GL-Sesession$</link>
	</item>
</streaminginfo>

<streaminginfo>
	<cname>Aden</cname>
	<item>
	<title>Proxy Med</title>
	<link>http://$GLProxyIP$:4500/channel.flv?server=$GL-IPMED$&amp;channel=Aden_Med&amp;port=2077&amp;session=$GL-Sesession$</link>
	</item>
</streaminginfo>
<streaminginfo>
	<cname>Aghanina</cname>
	<item>
	<title>Proxy Med</title>
	<link>http://$GLProxyIP$:4500/channel.flv?server=$GL-IPMED$&amp;channel=Aghanina_Med&amp;port=2077&amp;session=$GL-Sesession$</link>
	</item>
</streaminginfo>
<streaminginfo>
	<cname>Aghapy</cname>
	<item>
	<title>Proxy Med</title>
	<link>http://$GLProxyIP$:4500/channel.flv?server=$GL-IPMED$&amp;channel=Aghapy_Med&amp;port=2077&amp;session=$GL-Sesession$</link>
	</item>
</streaminginfo>
<streaminginfo>
	<cname>Ajman</cname>
	<item>
	<title>Proxy Med</title>
	<link>http://$GLProxyIP$:4500/channel.flv?server=$GL-IPMED$&amp;channel=Ajman_Med&amp;port=2077&amp;session=$GL-Sesession$</link>
	</item>
</streaminginfo>
<streaminginfo>
	<cname>Ajyal</cname>
	<item>
	<title>Proxy Med</title>
	<link>http://$GLProxyIP$:4500/channel.flv?server=$GL-IPMED$&amp;channel=AjyalTV_Med&amp;port=2077&amp;session=$GL-Sesession$</link>
	</item>
</streaminginfo>
<streaminginfo>
	<cname>Al Adala</cname>
	<item>
	<title>Proxy Med</title>
	<link>http://$GLProxyIP$:4500/channel.flv?server=$GL-IPMED$&amp;channel=AlAdala_Med&amp;port=2077&amp;session=$GL-Sesession$</link>
	</item>
</streaminginfo>

<streaminginfo>
	<cname>Al Amaken Drama</cname>
	<item>
	<title>Proxy Med</title>
	<link>http://$GLProxyIP$:4500/channel.flv?server=$GL-IPMED$&amp;channel=AlAmakenDrama_Med&amp;port=2077&amp;session=$GL-Sesession$</link>
	</item>
</streaminginfo>

<streaminginfo>
	<cname>Al Eqtisadiyah</cname>
	<item>
	<title>Proxy Med</title>
	<link>http://$GLProxyIP$:4500/channel.flv?server=$GL-IPMED$&amp;channel=AlEqtisadiyah_Med&amp;port=2077&amp;session=$GL-Sesession$</link>
	</item>
</streaminginfo>
<streaminginfo>
	<cname>Al Fayhaa</cname>
	<item>
	<title>Proxy Med</title>
	<link>http://$GLProxyIP$:4500/channel.flv?server=$GL-IPMED$&amp;channel=AlFayhaa_Med&amp;port=2077&amp;session=$GL-Sesession$</link>
	</item>
</streaminginfo>
<streaminginfo>
	<cname>Al Haqeeqa</cname>
	<item>
	<title>Proxy Med</title>
	<link>http://$GLProxyIP$:4500/channel.flv?server=$GL-IPMED$&amp;channel=AlHaqeeqa_Med&amp;port=2077&amp;session=$GL-Sesession$</link>
	</item>
</streaminginfo>
<streaminginfo>
	<cname>KSA News</cname>
	<item>
	<title>Proxy Med</title>
	<link>http://$GLProxyIP$:4500/channel.flv?server=$GL-IPMED$&amp;channel=AlEkhbariya_Med&amp;port=2077&amp;session=$GL-Sesession$</link>
	</item>
</streaminginfo>
<streaminginfo>
	<cname>Al Kout</cname>
	<item>
	<title>Proxy Med</title>
	<link>http://$GLProxyIP$:4500/channel.flv?server=$GL-IPMED$&amp;channel=AlKout_Med&amp;port=2077&amp;session=$GL-Sesession$</link>
	</item>
</streaminginfo>
<streaminginfo>
	<cname>Al Maghribia</cname>
	<item>
	<title>Proxy Med</title>
	<link>http://$GLProxyIP$:4500/channel.flv?server=$GL-IPMED$&amp;channel=AlMaghribia_Med&amp;port=2077&amp;session=$GL-Sesession$</link>
	</item>
</streaminginfo>
<streaminginfo>
	<cname>Al Majd</cname>
	<item>
	<title>Proxy Med</title>
	<link>http://$GLProxyIP$:4500/channel.flv?server=$GL-IPMED$&amp;channel=AlmajdSpace_Med&amp;port=2077&amp;session=$GL-Sesession$</link>
	</item>
</streaminginfo>
<streaminginfo>
	<cname>Al Manar</cname>
	<item>
	<title>Proxy Med</title>
	<link>http://$GLProxyIP$:4500/channel.flv?server=$GL-IPMED$&amp;channel=AlManar_Med&amp;port=2077&amp;session=$GL-Sesession$</link>
	</item>
</streaminginfo>
<streaminginfo>
	<cname>Al Masar</cname>
	<item>
	<title>Proxy Med</title>
	<link>http://$GLProxyIP$:4500/channel.flv?server=$GL-IPMED$&amp;channel=AlMasar_Med&amp;port=2077&amp;session=$GL-Sesession$</link>
	</item>
</streaminginfo>
<streaminginfo>
	<cname>Al Masriyah</cname>
	<item>
	<title>Proxy Med</title>
	<link>http://$GLProxyIP$:4500/channel.flv?server=$GL-IPMED$&amp;channel=AlMasriyah_Med&amp;port=2077&amp;session=$GL-Sesession$</link>
	</item>
</streaminginfo>
<streaminginfo>
	<cname>Al Moustakilla</cname>
	<item>
	<title>Proxy Med</title>
	<link>http://$GLProxyIP$:4500/channel.flv?server=$GL-IPMED$&amp;channel=AlMustakila_Med&amp;port=2077&amp;session=$GL-Sesession$</link>
	</item>
</streaminginfo>
<streaminginfo>
	<cname>Al Ordonia</cname>
	<item>
	<title>Proxy Med</title>
	<link>http://$GLProxyIP$:4500/channel.flv?server=$GL-IPMED$&amp;channel=AlOrdoni_Med&amp;port=2077&amp;session=$GL-Sesession$</link>
	</item>
</streaminginfo>
<streaminginfo>
	<cname>Al oula Maroc</cname>
	<item>
	<title>Proxy Med</title>
	<link>http://$GLProxyIP$:4500/channel.flv?server=$GL-IPMED$&amp;channel=AlAoulaEurope_Med&amp;port=2077&amp;session=$GL-Sesession$</link>
	</item>
</streaminginfo>
<streaminginfo>
	<cname>Al Rafidain</cname>
	<item>
	<title>Proxy Med</title>
	<link>http://$GLProxyIP$:4500/channel.flv?server=$GL-IPMED$&amp;channel=AlRafidain_Med&amp;port=2077&amp;session=$GL-Sesession$</link>
	</item>
</streaminginfo>
<streaminginfo>
	<cname>Al Rasheed</cname>
	<item>
	<title>Proxy Med</title>
	<link>http://$GLProxyIP$:4500/channel.flv?server=$GL-IPMED$&amp;channel=AlRasheed_Med&amp;port=2077&amp;session=$GL-Sesession$</link>
	</item>
</streaminginfo>
<streaminginfo>
	<cname>Al Sabah</cname>
	<item>
	<title>Proxy Med</title>
	<link>http://$GLProxyIP$:4500/channel.flv?server=$GL-IPMED$&amp;channel=AlSabah_Med&amp;port=2077&amp;session=$GL-Sesession$</link>
	</item>
</streaminginfo>
<streaminginfo>
	<cname>Al sahraa</cname>
	<item>
	<title>Proxy Med</title>
	<link>http://$GLProxyIP$:4500/channel.flv?server=$GL-IPMED$&amp;channel=AlSahraa_Med&amp;port=2077&amp;session=$GL-Sesession$</link>
	</item>
</streaminginfo>
<streaminginfo>
	<cname>Al Sharqiya News</cname>
	<item>
	<title>Proxy Med</title>
	<link>http://$GLProxyIP$:4500/channel.flv?server=$GL-IPMED$&amp;channel=AlsharqiyaNews_Med&amp;port=2077&amp;session=$GL-Sesession$</link>
	</item>
</streaminginfo>
<streaminginfo>
	<cname>Al Sharqiya</cname>
	<item>
	<title>Proxy Med</title>
	<link>http://$GLProxyIP$:4500/channel.flv?server=$GL-IPMED$&amp;channel=AlSharqiya_Med&amp;port=2077&amp;session=$GL-Sesession$</link>
	</item>
</streaminginfo>
<streaminginfo>
	<cname>Al Sumaria</cname>
	<item>
	<title>Proxy Med</title>
	<link>http://$GLProxyIP$:4500/channel.flv?server=$GL-IPMED$&amp;channel=Alsumaria_Med&amp;port=2077&amp;session=$GL-Sesession$</link>
	</item>
</streaminginfo>
<streaminginfo>
	<cname>Al Taghier</cname>
	<item>
	<title>Proxy Med</title>
	<link>http://$GLProxyIP$:4500/channel.flv?server=$GL-IPMED$&amp;channel=AlTaghier_Med&amp;port=2077&amp;session=$GL-Sesession$</link>
	</item>
</streaminginfo>
<streaminginfo>
	<cname>Al Thakafiyah</cname>
	<item>
	<title>Proxy Med</title>
	<link>http://$GLProxyIP$:4500/channel.flv?server=$GL-IPMED$&amp;channel=AlThakafiyah_Med&amp;port=2077&amp;session=$GL-Sesession$</link>
	</item>
</streaminginfo>
<streaminginfo>
	<cname>Al-hurra Iraq</cname>
	<item>
	<title>Proxy Med</title>
	<link>http://$GLProxyIP$:4500/channel.flv?server=$GL-IPMED$&amp;channel=AlhurraIraq_Med&amp;port=2077&amp;session=$GL-Sesession$</link>
	</item>
</streaminginfo>
<streaminginfo>
	<cname>Al-Resalah</cname>
	<item>
	<title>Proxy Med</title>
	<link>http://$GLProxyIP$:4500/channel.flv?server=$GL-IPMED$&amp;channel=AlResala_Med&amp;port=2077&amp;session=$GL-Sesession$</link>
	</item>
</streaminginfo>
<streaminginfo>
	<cname>Aldiyar</cname>
	<item>
	<title>Proxy Med</title>
	<link>http://$GLProxyIP$:4500/channel.flv?server=$GL-IPMED$&amp;channel=AldiyarSat_Med&amp;port=2077&amp;session=$GL-Sesession$</link>
	</item>
</streaminginfo>
<streaminginfo>
	<cname>Algeria 3</cname>
	<item>
	<title>Proxy Med</title>
	<link>http://$GLProxyIP$:4500/channel.flv?server=$GL-IPMED$&amp;channel=Thalitha_Med&amp;port=2077&amp;session=$GL-Sesession$</link>
	</item>
</streaminginfo>
<streaminginfo>
	<cname>AlGeria</cname>
	<item>
	<title>Proxy Med</title>
	<link>http://$GLProxyIP$:4500/channel.flv?server=$GL-IPMED$&amp;channel=CanalAlgerie_Med&amp;port=2077&amp;session=$GL-Sesession$</link>
	</item>
</streaminginfo>
<streaminginfo>
	<cname>Aliraqia 2</cname>
	<item>
	<title>Proxy Med</title>
	<link>http://$GLProxyIP$:4500/channel.flv?server=$GL-IPMED$&amp;channel=AlIraqia2_Med&amp;port=2077&amp;session=$GL-Sesession$</link>
	</item>
</streaminginfo>
<streaminginfo>
	<cname>Aliraqiya</cname>
	<item>
	<title>Proxy Med</title>
	<link>http://$GLProxyIP$:4500/channel.flv?server=$GL-IPMED$&amp;channel=AlIraqiya_Med&amp;port=2077&amp;session=$GL-Sesession$</link>
	</item>
</streaminginfo>
<streaminginfo>
	<cname>Aljazeera En</cname>
	<item>
	<title>Proxy Med</title>
	<link>http://$GLProxyIP$:4500/channel.flv?server=$GL-IPMED$&amp;channel=AlJazeeraEnglish_Med&amp;port=2077&amp;session=$GL-Sesession$</link>
	</item>
</streaminginfo>
<streaminginfo>
	<cname>AlJazeera</cname>
	<item>
	<title>Proxy Med</title>
	<link>http://$GLProxyIP$:4500/channel.flv?server=$GL-IPMED$&amp;channel=AlJazeera_Med&amp;port=2077&amp;session=$GL-Sesession$</link>
	</item>
</streaminginfo>
<streaminginfo>
	<cname>Alkarama_Christian</cname>
	<item>
	<title>Proxy Med</title>
	<link>http://$GLProxyIP$:4500/channel.flv?server=$GL-IPMED$&amp;channel=AlKarma_Med&amp;port=2077&amp;session=$GL-Sesession$</link>
	</item>
</streaminginfo>
<streaminginfo>
	<cname>alkass</cname>
	<item>
	<title>Proxy Med</title>
	<link>http://$GLProxyIP$:4500/channel.flv?server=$GL-IPMED$&amp;channel=AlDawriAlKassSport_Med&amp;port=2077&amp;session=$GL-Sesession$</link>
	</item>
</streaminginfo>
<streaminginfo>
	<cname>AlMalakot</cname>
	<item>
	<title>Proxy Med</title>
	<link>http://$GLProxyIP$:4500/channel.flv?server=$GL-IPMED$&amp;channel=AlMalakot_Med&amp;port=2077&amp;session=$GL-Sesession$</link>
	</item>
</streaminginfo>
<streaminginfo>
	<cname>AlMukhales</cname>
	<item>
	<title>Proxy Med</title>
	<link>http://$GLProxyIP$:4500/channel.flv?server=$GL-IPMED$&amp;channel=AlMukhales_Med&amp;port=2077&amp;session=$GL-Sesession$</link>
	</item>
</streaminginfo>
<streaminginfo>
	<cname>Alqudis</cname>
	<item>
	<title>Proxy Med</title>
	<link>http://$GLProxyIP$:4500/channel.flv?server=$GL-IPMED$&amp;channel=Alquds_Med&amp;port=2077&amp;session=$GL-Sesession$</link>
	</item>
</streaminginfo>
<streaminginfo>
	<cname>Alriadia Sport</cname>
	<item>
	<title>Proxy Med</title>
	<link>http://$GLProxyIP$:4500/channel.flv?server=$GL-IPMED$&amp;channel=Arryadia_Med&amp;port=2077&amp;session=$GL-Sesession$</link>
	</item>
</streaminginfo>

<streaminginfo>
	<cname>Arabica Music</cname>
	<item>
	<title>Proxy Med</title>
	<link>http://$GLProxyIP$:4500/channel.flv?server=$GL-IPMED$&amp;channel=ArabicaMusic_Med&amp;port=2077&amp;session=$GL-Sesession$</link>
	</item>
</streaminginfo>
<streaminginfo>
	<cname>Arrabia</cname>
	<item>
	<title>Proxy Med</title>
	<link>http://$GLProxyIP$:4500/channel.flv?server=$GL-IPMED$&amp;channel=Arrabiaa_Med&amp;port=2077&amp;session=$GL-Sesession$</link>
	</item>
</streaminginfo>
<streaminginfo>
	<cname>Assadissa</cname>
	<item>
	<title>Proxy Med</title>
	<link>http://$GLProxyIP$:4500/channel.flv?server=$GL-IPMED$&amp;channel=Assadissa_Med&amp;port=2077&amp;session=$GL-Sesession$</link>
	</item>
</streaminginfo>
<streaminginfo>
	<cname>sunnah TV</cname>
	<item>
	<title>Proxy Med</title>
	<link>http://$GLProxyIP$:4500/channel.flv?server=$GL-IPMED$&amp;channel=AlSunnah_Med&amp;port=2077&amp;session=$GL-Sesession$</link>
	</item>
</streaminginfo>
<streaminginfo>
	<cname>BAHRAIN SPORTS</cname>
	<item>
	<title>Proxy Med</title>
	<link>http://$GLProxyIP$:4500/channel.flv?server=$GL-IPMED$&amp;channel=BahrainSport_Med&amp;port=2077&amp;session=$GL-Sesession$</link>
	</item>
</streaminginfo>
<streaminginfo>
	<cname>Bahrain</cname>
	<item>
	<title>Proxy Med</title>
	<link>http://$GLProxyIP$:4500/channel.flv?server=$GL-IPMED$&amp;channel=Bahrain_Med&amp;port=2077&amp;session=$GL-Sesession$</link>
	</item>
</streaminginfo>
<streaminginfo>
	<cname>BBC Arabic</cname>
	<item>
	<title>Proxy Med</title>
	<link>http://$GLProxyIP$:4500/channel.flv?server=$GL-IPMED$&amp;channel=BBCArabic_Med&amp;port=2077&amp;session=$GL-Sesession$</link>
	</item>
</streaminginfo>
<streaminginfo>
	<cname>Beladi</cname>
	<item>
	<title>Proxy Med</title>
	<link>http://$GLProxyIP$:4500/channel.flv?server=$GL-IPMED$&amp;channel=Beladi_Med&amp;port=2077&amp;session=$GL-Sesession$</link>
	</item>
</streaminginfo>
<streaminginfo>
	<cname>Blue Nile</cname>
	<item>
	<title>Proxy Med</title>
	<link>http://$GLProxyIP$:4500/channel.flv?server=$GL-IPMED$&amp;channel=BlueNile_Med&amp;port=2077&amp;session=$GL-Sesession$</link>
	</item>
</streaminginfo>
<streaminginfo>
	<cname>CCTV Arabic</cname>
	<item>
	<title>Proxy Med</title>
	<link>http://$GLProxyIP$:4500/channel.flv?server=$GL-IPMED$&amp;channel=CCTVArabia_Med&amp;port=2077&amp;session=$GL-Sesession$</link>
	</item>
</streaminginfo>
<streaminginfo>
	<cname>Djibouti</cname>
	<item>
	<title>Proxy Med</title>
	<link>http://$GLProxyIP$:4500/channel.flv?server=$GL-IPMED$&amp;channel=RTD_Med&amp;port=2077&amp;session=$GL-Sesession$</link>
	</item>
</streaminginfo>
<streaminginfo>
	<cname>Dream 1</cname>
	<item>
	<title>Proxy Med</title>
	<link>http://$GLProxyIP$:4500/channel.flv?server=$GL-IPMED$&amp;channel=Dream1_Med&amp;port=2077&amp;session=$GL-Sesession$</link>
	</item>
</streaminginfo>
<streaminginfo>
	<cname>DW Arabic</cname>
	<item>
	<title>Proxy Med</title>
	<link>http://$GLProxyIP$:4500/channel.flv?server=$GL-IPMED$&amp;channel=DWTVArabia_Med&amp;port=2077&amp;session=$GL-Sesession$</link>
	</item>
</streaminginfo>
<streaminginfo>
	<cname>Egypt 2</cname>
	<item>
	<title>Proxy Med</title>
	<link>http://$GLProxyIP$:4500/channel.flv?server=$GL-IPMED$&amp;channel=AlThanya_Med&amp;port=2077&amp;session=$GL-Sesession$</link>
	</item>
</streaminginfo>
<streaminginfo>
	<cname>France 24</cname>
	<item>
	<title>Proxy Med</title>
	<link>http://$GLProxyIP$:4500/channel.flv?server=$GL-IPMED$&amp;channel=France24Arabic_Med&amp;port=2077&amp;session=$GL-Sesession$</link>
	</item>
</streaminginfo>
<streaminginfo>
	<cname>Funoon</cname>
	<item>
	<title>Proxy Med</title>
	<link>http://$GLProxyIP$:4500/channel.flv?server=$GL-IPMED$&amp;channel=Funoon_Med&amp;port=2077&amp;session=$GL-Sesession$</link>
	</item>
</streaminginfo>
<streaminginfo>
	<cname>GearOne</cname>
	<item>
	<title>Proxy Med</title>
	<link>http://$GLProxyIP$:4500/channel.flv?server=$GL-IPMED$&amp;channel=GearOne_Med&amp;port=2077&amp;session=$GL-Sesession$</link>
	</item>
</streaminginfo>
<streaminginfo>
	<cname>Hanibal</cname>
	<item>
	<title>Proxy Med</title>
	<link>http://$GLProxyIP$:4500/channel.flv?server=$GL-IPMED$&amp;channel=Hannibal_Med&amp;port=2077&amp;session=$GL-Sesession$</link>
	</item>
</streaminginfo>
<streaminginfo>
	<cname>HodHod</cname>
	<item>
	<title>Proxy Med</title>
	<link>http://$GLProxyIP$:4500/channel.flv?server=$GL-IPMED$&amp;channel=HodHod_Med&amp;port=2077&amp;session=$GL-Sesession$</link>
	</item>
</streaminginfo>
<streaminginfo>
	<cname>Huda</cname>
	<item>
	<title>Proxy Med</title>
	<link>http://$GLProxyIP$:4500/channel.flv?server=$GL-IPMED$&amp;channel=Huda_Med&amp;port=2077&amp;session=$GL-Sesession$</link>
	</item>
</streaminginfo>
<streaminginfo>
	<cname>Karameesh</cname>
	<item>
	<title>Proxy Med</title>
	<link>http://$GLProxyIP$:4500/channel.flv?server=$GL-IPMED$&amp;channel=Karameesh_Med&amp;port=2077&amp;session=$GL-Sesession$</link>
	</item>
</streaminginfo>
<streaminginfo>
	<cname>Khartoum</cname>
	<item>
	<title>Proxy Med</title>
	<link>http://$GLProxyIP$:4500/channel.flv?server=$GL-IPMED$&amp;channel=KhartoumTV_Med&amp;port=2077&amp;session=$GL-Sesession$</link>
	</item>
</streaminginfo>
<streaminginfo>
	<cname>KSA 1</cname>
	<item>
	<title>Proxy Med</title>
	<link>http://$GLProxyIP$:4500/channel.flv?server=$GL-IPMED$&amp;channel=SaudiArabia1_Med&amp;port=2077&amp;session=$GL-Sesession$</link>
	</item>
</streaminginfo>
<streaminginfo>
	<cname>KSA 2</cname>
	<item>
	<title>Proxy Med</title>
	<link>http://$GLProxyIP$:4500/channel.flv?server=$GL-IPMED$&amp;channel=KSA2_Med&amp;port=2077&amp;session=$GL-Sesession$</link>
	</item>
</streaminginfo>
<streaminginfo>
	<cname>KTV Sport Plus</cname>
	<item>
	<title>Proxy Med</title>
	<link>http://$GLProxyIP$:4500/channel.flv?server=$GL-IPMED$&amp;channel=KTV3Plus_Med&amp;port=2077&amp;session=$GL-Sesession$</link>
	</item>
</streaminginfo>
<streaminginfo>
	<cname>KTV2</cname>
	<item>
	<title>Proxy Med</title>
	<link>http://$GLProxyIP$:4500/channel.flv?server=$GL-IPMED$&amp;channel=KTV2Kuwait_Med&amp;port=2077&amp;session=$GL-Sesession$</link>
	</item>
</streaminginfo>
<streaminginfo>
	<cname>Kuwait</cname>
	<item>
	<title>Proxy Med</title>
	<link>http://$GLProxyIP$:4500/channel.flv?server=$GL-IPMED$&amp;channel=KuwaitSpace_Med&amp;port=2077&amp;session=$GL-Sesession$</link>
	</item>
</streaminginfo>
<streaminginfo>
	<cname>Libya</cname>
	<item>
	<title>Proxy Med</title>
	<link>http://$GLProxyIP$:4500/channel.flv?server=$GL-IPMED$&amp;channel=AlAhrar_Med&amp;port=2077&amp;session=$GL-Sesession$</link>
	</item>
</streaminginfo>
<streaminginfo>
	<cname>LLBN</cname>
	<item>
	<title>Proxy Med</title>
	<link>http://$GLProxyIP$:4500/channel.flv?server=$GL-IPMED$&amp;channel=LLBN_Med&amp;port=2077&amp;session=$GL-Sesession$</link>
	</item>
</streaminginfo>
<streaminginfo>
	<cname>Mara7</cname>
	<item>
	<title>Proxy Med</title>
	<link>http://$GLProxyIP$:4500/channel.flv?server=$GL-IPMED$&amp;channel=Mara7_Med&amp;port=2077&amp;session=$GL-Sesession$</link>
	</item>
</streaminginfo>
<streaminginfo>
	<cname>Massaya</cname>
	<item>
	<title>Proxy Med</title>
	<link>http://$GLProxyIP$:4500/channel.flv?server=$GL-IPMED$&amp;channel=Massaya_Med&amp;port=2077&amp;session=$GL-Sesession$</link>
	</item>
</streaminginfo>
<streaminginfo>
	<cname>Mauritanie</cname>
	<item>
	<title>Proxy Med</title>
	<link>http://$GLProxyIP$:4500/channel.flv?server=$GL-IPMED$&amp;channel=MauritaniaTV_Med&amp;port=2077&amp;session=$GL-Sesession$</link>
	</item>
</streaminginfo>
<streaminginfo>
	<cname>Mea</cname>
	<item>
	<title>Proxy Med</title>
	<link>http://$GLProxyIP$:4500/channel.flv?server=$GL-IPMED$&amp;channel=MeaTV_Med&amp;port=2077&amp;session=$GL-Sesession$</link>
	</item>
</streaminginfo>
<streaminginfo>
	<cname>Medi 1 Sat</cname>
	<item>
	<title>Proxy Med</title>
	<link>http://$GLProxyIP$:4500/channel.flv?server=$GL-IPMED$&amp;channel=Medi1_Med&amp;port=2077&amp;session=$GL-Sesession$</link>
	</item>
</streaminginfo>
<streaminginfo>
	<cname>Mehwar</cname>
	<item>
	<title>Proxy Med</title>
	<link>http://$GLProxyIP$:4500/channel.flv?server=$GL-IPMED$&amp;channel=ElMehwar_Med&amp;port=2077&amp;session=$GL-Sesession$</link>
	</item>
</streaminginfo>
<streaminginfo>
	<cname>Nart</cname>
	<item>
	<title>Proxy Med</title>
	<link>http://$GLProxyIP$:4500/channel.flv?server=$GL-IPMED$&amp;channel=Nart_Med&amp;port=2077&amp;session=$GL-Sesession$</link>
	</item>
</streaminginfo>
<streaminginfo>
	<cname>NBN</cname>
	<item>
	<title>Proxy Med</title>
	<link>http://$GLProxyIP$:4500/channel.flv?server=$GL-IPMED$&amp;channel=NBNLebanon_Med&amp;port=2077&amp;session=$GL-Sesession$</link>
	</item>
</streaminginfo>
<streaminginfo>
	<cname>Neelain Sport</cname>
	<item>
	<title>Proxy Med</title>
	<link>http://$GLProxyIP$:4500/channel.flv?server=$GL-IPMED$&amp;channel=NeelainSport_Med&amp;port=2077&amp;session=$GL-Sesession$</link>
	</item>
</streaminginfo>
<streaminginfo>
	<cname>Nessma</cname>
	<item>
	<title>Proxy Med</title>
	<link>http://$GLProxyIP$:4500/channel.flv?server=$GL-IPMED$&amp;channel=Nessma_Med&amp;port=2077&amp;session=$GL-Sesession$</link>
	</item>
</streaminginfo>
<streaminginfo>
	<cname>Nile Sport</cname>
	<item>
	<title>Proxy Med</title>
	<link>http://$GLProxyIP$:4500/channel.flv?server=$GL-IPMED$&amp;channel=NileSport_Med&amp;port=2077&amp;session=$GL-Sesession$</link>
	</item>
</streaminginfo>
<streaminginfo>
	<cname>Nojoom1</cname>
	<item>
	<title>Proxy Med</title>
	<link>http://$GLProxyIP$:4500/channel.flv?server=$GL-IPMED$&amp;channel=Nojoom1_Med&amp;port=2077&amp;session=$GL-Sesession$</link>
	</item>
</streaminginfo>
<streaminginfo>
	<cname>Noor Dubai</cname>
	<item>
	<title>Proxy Med</title>
	<link>http://$GLProxyIP$:4500/channel.flv?server=$GL-IPMED$&amp;channel=NoorDubai_Med&amp;port=2077&amp;session=$GL-Sesession$</link>
	</item>
</streaminginfo>
<streaminginfo>
	<cname>Nourmina</cname>
	<item>
	<title>Proxy Med</title>
	<link>http://$GLProxyIP$:4500/channel.flv?server=$GL-IPMED$&amp;channel=Nourmina_Med&amp;port=2077&amp;session=$GL-Sesession$</link>
	</item>
</streaminginfo>
<streaminginfo>
	<cname>Noursat</cname>
	<item>
	<title>Proxy Med</title>
	<link>http://$GLProxyIP$:4500/channel.flv?server=$GL-IPMED$&amp;channel=Noursat_Med&amp;port=2077&amp;session=$GL-Sesession$</link>
	</item>
</streaminginfo>
<streaminginfo>
	<cname>NoursatAlShabab</cname>
	<item>
	<title>Proxy Med</title>
	<link>http://$GLProxyIP$:4500/channel.flv?server=$GL-IPMED$&amp;channel=NourAlShabab_Med&amp;port=2077&amp;session=$GL-Sesession$</link>
	</item>
</streaminginfo>
<streaminginfo>
	<cname>Oman</cname>
	<item>
	<title>Proxy Med</title>
	<link>http://$GLProxyIP$:4500/channel.flv?server=$GL-IPMED$&amp;channel=Oman_Med&amp;port=2077&amp;session=$GL-Sesession$</link>
	</item>
</streaminginfo>
<streaminginfo>
	<cname>Oyoun Jeddah</cname>
	<item>
	<title>Proxy Med</title>
	<link>http://$GLProxyIP$:4500/channel.flv?server=$GL-IPMED$&amp;channel=OyounJeddah_Med&amp;port=2077&amp;session=$GL-Sesession$</link>
	</item>
</streaminginfo>
<streaminginfo>
	<cname>Palestine AlYawm</cname>
	<item>
	<title>Proxy Med</title>
	<link>http://$GLProxyIP$:4500/channel.flv?server=$GL-IPMED$&amp;channel=PalestineAlYawm_Med&amp;port=2077&amp;session=$GL-Sesession$</link>
	</item>
</streaminginfo>
<streaminginfo>
	<cname>Palestine Live</cname>
	<item>
	<title>Proxy Med</title>
	<link>http://$GLProxyIP$:4500/channel.flv?server=$GL-IPMED$&amp;channel=PalestineLive_Med&amp;port=2077&amp;session=$GL-Sesession$</link>
	</item>
</streaminginfo>
<streaminginfo>
	<cname>Palestine</cname>
	<item>
	<title>Proxy Med</title>
	<link>http://$GLProxyIP$:4500/channel.flv?server=$GL-IPMED$&amp;channel=Palestinian_Med&amp;port=2077&amp;session=$GL-Sesession$</link>
	</item>
</streaminginfo>
<streaminginfo>
	<cname>Qatar</cname>
	<item>
	<title>Proxy Med</title>
	<link>http://$GLProxyIP$:4500/channel.flv?server=$GL-IPMED$&amp;channel=Qatar_Med&amp;port=2077&amp;session=$GL-Sesession$</link>
	</item>
</streaminginfo>
<streaminginfo>
	<cname>Quran TV ksa</cname>
	<item>
	<title>Proxy Med</title>
	<link>http://$GLProxyIP$:4500/channel.flv?server=$GL-IPMED$&amp;channel=AlQuran_Med&amp;port=2077&amp;session=$GL-Sesession$</link>
	</item>
</streaminginfo>
<streaminginfo>
	<cname>Roya</cname>
	<item>
	<title>Proxy Med</title>
	<link>http://$GLProxyIP$:4500/channel.flv?server=$GL-IPMED$&amp;channel=Roya_Med&amp;port=2077&amp;session=$GL-Sesession$</link>
	</item>
</streaminginfo>
<streaminginfo>
	<cname>Russia Alyaum</cname>
	<item>
	<title>Proxy Med</title>
	<link>http://$GLProxyIP$:4500/channel.flv?server=$GL-IPMED$&amp;channel=RussiyaAlYaum_Med&amp;port=2077&amp;session=$GL-Sesession$</link>
	</item>
</streaminginfo>
<streaminginfo>
	<cname>Sama Dubai</cname>
	<item>
	<title>Proxy Med</title>
	<link>http://$GLProxyIP$:4500/channel.flv?server=$GL-IPMED$&amp;channel=SamaDubai_Med&amp;port=2077&amp;session=$GL-Sesession$</link>
	</item>
</streaminginfo>
<streaminginfo>
	<cname>Sama Syria</cname>
	<item>
	<title>Proxy Med</title>
	<link>http://$GLProxyIP$:4500/channel.flv?server=$GL-IPMED$&amp;channel=SamaTV_Med&amp;port=2077&amp;session=$GL-Sesession$</link>
	</item>
</streaminginfo>
<streaminginfo>
	<cname>Sat7 Kid</cname>
	<item>
	<title>Proxy Med</title>
	<link>http://$GLProxyIP$:4500/channel.flv?server=$GL-IPMED$&amp;channel=Sat7Kid_Med&amp;port=2077&amp;session=$GL-Sesession$</link>
	</item>
</streaminginfo>
<streaminginfo>
	<cname>Saudia Sport</cname>
	<item>
	<title>Proxy Med</title>
	<link>http://$GLProxyIP$:4500/channel.flv?server=$GL-IPMED$&amp;channel=AlRiyadiah_Med&amp;port=2077&amp;session=$GL-Sesession$</link>
	</item>
</streaminginfo>
<streaminginfo>
	<cname>Scope</cname>
	<item>
	<title>Proxy Med</title>
	<link>http://$GLProxyIP$:4500/channel.flv?server=$GL-IPMED$&amp;channel=ScopeTV_Med&amp;port=2077&amp;session=$GL-Sesession$</link>
	</item>
</streaminginfo>
<streaminginfo>
	<cname>Sharjah</cname>
	<item>
	<title>Proxy Med</title>
	<link>http://$GLProxyIP$:4500/channel.flv?server=$GL-IPMED$&amp;channel=SharjahTV_Med&amp;port=2077&amp;session=$GL-Sesession$</link>
	</item>
</streaminginfo>
<streaminginfo>
	<cname>Sheba</cname>
	<item>
	<title>Proxy Med</title>
	<link>http://$GLProxyIP$:4500/channel.flv?server=$GL-IPMED$&amp;channel=Sheba_Med&amp;port=2077&amp;session=$GL-Sesession$</link>
	</item>
</streaminginfo>
<streaminginfo>
	<cname>SM SM KIDS</cname>
	<item>
	<title>Proxy Med</title>
	<link>http://$GLProxyIP$:4500/channel.flv?server=$GL-IPMED$&amp;channel=Semsem_Med&amp;port=2077&amp;session=$GL-Sesession$</link>
	</item>
</streaminginfo>
<streaminginfo>
	<cname>Sudan TV</cname>
	<item>
	<title>Proxy Med</title>
	<link>http://$GLProxyIP$:4500/channel.flv?server=$GL-IPMED$&amp;channel=Sudan_Med&amp;port=2077&amp;session=$GL-Sesession$</link>
	</item>
</streaminginfo>
<streaminginfo>
	<cname>sunnah TV</cname>
	<item>
	<title>Proxy Med</title>
	<link>http://$GLProxyIP$:4500/channel.flv?server=$GL-IPMED$&amp;channel=AlSunnah_Med&amp;port=2077&amp;session=$GL-Sesession$</link>
	</item>
</streaminginfo>
<streaminginfo>
	<cname>Syria Drama</cname>
	<item>
	<title>Proxy Med</title>
	<link>http://$GLProxyIP$:4500/channel.flv?server=$GL-IPMED$&amp;channel=SyriaDrama_Med&amp;port=2077&amp;session=$GL-Sesession$</link>
	</item>
</streaminginfo>
<streaminginfo>
	<cname>Syria Nour</cname>
	<item>
	<title>Proxy Med</title>
	<link>http://$GLProxyIP$:4500/channel.flv?server=$GL-IPMED$&amp;channel=NourElSham_Med&amp;port=2077&amp;session=$GL-Sesession$</link>
	</item>
</streaminginfo>
<streaminginfo>
	<cname>Syria Sedu</cname>
	<item>
	<title>Proxy Med</title>
	<link>http://$GLProxyIP$:4500/channel.flv?server=$GL-IPMED$&amp;channel=SyrianEducation_Med&amp;port=2077&amp;session=$GL-Sesession$</link>
	</item>
</streaminginfo>
<streaminginfo>
	<cname>Syria</cname>
	<item>
	<title>Proxy Med</title>
	<link>http://$GLProxyIP$:4500/channel.flv?server=$GL-IPMED$&amp;channel=SyriaSat_Med&amp;port=2077&amp;session=$GL-Sesession$</link>
	</item>
</streaminginfo>
<streaminginfo>
	<cname>Taha</cname>
	<item>
	<title>Proxy Med</title>
	<link>http://$GLProxyIP$:4500/channel.flv?server=$GL-IPMED$&amp;channel=Taha_Med&amp;port=2077&amp;session=$GL-Sesession$</link>
	</item>
</streaminginfo>
<streaminginfo>
	<cname>Tahrir</cname>
	<item>
	<title>Proxy Med</title>
	<link>http://$GLProxyIP$:4500/channel.flv?server=$GL-IPMED$&amp;channel=Tahrir_Med&amp;port=2077&amp;session=$GL-Sesession$</link>
	</item>
</streaminginfo>
<streaminginfo>
	<cname>Tamazigh Maroc</cname>
	<item>
	<title>Proxy Med</title>
	<link>http://$GLProxyIP$:4500/channel.flv?server=$GL-IPMED$&amp;channel=Tamazight_Med&amp;port=2077&amp;session=$GL-Sesession$</link>
	</item>
</streaminginfo>
<streaminginfo>
	<cname>Tele Liban</cname>
	<item>
	<title>Proxy Med</title>
	<link>http://$GLProxyIP$:4500/channel.flv?server=$GL-IPMED$&amp;channel=TeleLiban_Med&amp;port=2077&amp;session=$GL-Sesession$</link>
	</item>
</streaminginfo>
<streaminginfo>
	<cname>Toyor Al Janah</cname>
	<item>
	<title>Proxy Med</title>
	<link>http://$GLProxyIP$:4500/channel.flv?server=$GL-IPMED$&amp;channel=ToyorAlJanah_Med&amp;port=2077&amp;session=$GL-Sesession$</link>
	</item>
</streaminginfo>
<streaminginfo>
	<cname>TRT Arabic</cname>
	<item>
	<title>Proxy Med</title>
	<link>http://$GLProxyIP$:4500/channel.flv?server=$GL-IPMED$&amp;channel=TRTArabic_Med&amp;port=2077&amp;session=$GL-Sesession$</link>
	</item>
</streaminginfo>
<streaminginfo>
	<cname>Tunisia national 1</cname>
	<item>
	<title>Proxy Med</title>
	<link>http://$GLProxyIP$:4500/channel.flv?server=$GL-IPMED$&amp;channel=Tunisie7_Med&amp;port=2077&amp;session=$GL-Sesession$</link>
	</item>
</streaminginfo>
<streaminginfo>
	<cname>Wanasah</cname>
	<item>
	<title>Proxy Med</title>
	<link>http://$GLProxyIP$:4500/channel.flv?server=$GL-IPMED$&amp;channel=Wanasah_Med&amp;port=2077&amp;session=$GL-Sesession$</link>
	</item>
</streaminginfo>
<streaminginfo>
	<cname>Yemen</cname>
	<item>
	<title>Proxy Med</title>
	<link>http://$GLProxyIP$:4500/channel.flv?server=$GL-IPMED$&amp;channel=Yemen_Med&amp;port=2077&amp;session=$GL-Sesession$</link>
	</item>
</streaminginfo>
<streaminginfo>
	<cname>Zweina Bladna</cname>
	<item>
	<title>Proxy Med</title>
	<link>http://$GLProxyIP$:4500/channel.flv?server=$GL-IPMED$&amp;channel=ZweinaBaladna_Med&amp;port=2077&amp;session=$GL-Sesession$</link>
	</item>
</streaminginfo>
<streaminginfo>
	<cname>2M</cname>
	<item>
	<title>Proxy Low</title>
	<link>http://$GLProxyIP$:4500/channel.flv?server=$GL-IPLOW$&amp;channel=M2Morocco_Low&amp;port=2077&amp;session=$GL-Sesession$</link>
	</item>
</streaminginfo>
<streaminginfo>
	<cname>7Stars</cname>
	<item>
	<title>Proxy Low</title>
	<link>http://$GLProxyIP$:4500/channel.flv?server=$GL-IPLOW$&amp;channel=7Stars_Low&amp;port=2077&amp;session=$GL-Sesession$</link>
	</item>
</streaminginfo>
<streaminginfo>
	<cname>AAAMusic</cname>
	<item>
	<title>Proxy Low</title>
	<link>http://$GLProxyIP$:4500/channel.flv?server=$GL-IPLOW$&amp;channel=AAAMusic_Low&amp;port=2077&amp;session=$GL-Sesession$</link>
	</item>
</streaminginfo>
<streaminginfo>
	<cname>ABN</cname>
	<item>
	<title>Proxy Low</title>
	<link>http://$GLProxyIP$:4500/channel.flv?server=$GL-IPLOW$&amp;channel=ABN_Low&amp;port=2077&amp;session=$GL-Sesession$</link>
	</item>
</streaminginfo>
<streaminginfo>
	<cname>Abu Dhabi Sports 1</cname>
	<item>
	<title>Proxy Low</title>
	<link>http://$GLProxyIP$:4500/channel.flv?server=$GL-IPLOW$&amp;channel=ADSport_Low&amp;port=2077&amp;session=$GL-Sesession$</link>
	</item>
</streaminginfo>

<streaminginfo>
	<cname>Aden</cname>
	<item>
	<title>Proxy Low</title>
	<link>http://$GLProxyIP$:4500/channel.flv?server=$GL-IPLOW$&amp;channel=Aden_Low&amp;port=2077&amp;session=$GL-Sesession$</link>
	</item>
</streaminginfo>
<streaminginfo>
	<cname>Aghanina</cname>
	<item>
	<title>Proxy Low</title>
	<link>http://$GLProxyIP$:4500/channel.flv?server=$GL-IPLOW$&amp;channel=Aghanina_Low&amp;port=2077&amp;session=$GL-Sesession$</link>
	</item>
</streaminginfo>
<streaminginfo>
	<cname>Aghapy</cname>
	<item>
	<title>Proxy Low</title>
	<link>http://$GLProxyIP$:4500/channel.flv?server=$GL-IPLOW$&amp;channel=Aghapy_Low&amp;port=2077&amp;session=$GL-Sesession$</link>
	</item>
</streaminginfo>
<streaminginfo>
	<cname>Ajman</cname>
	<item>
	<title>Proxy Low</title>
	<link>http://$GLProxyIP$:4500/channel.flv?server=$GL-IPLOW$&amp;channel=Ajman_Low&amp;port=2077&amp;session=$GL-Sesession$</link>
	</item>
</streaminginfo>
<streaminginfo>
	<cname>Ajyal</cname>
	<item>
	<title>Proxy Low</title>
	<link>http://$GLProxyIP$:4500/channel.flv?server=$GL-IPLOW$&amp;channel=AjyalTV_Low&amp;port=2077&amp;session=$GL-Sesession$</link>
	</item>
</streaminginfo>
<streaminginfo>
	<cname>Al Adala</cname>
	<item>
	<title>Proxy Low</title>
	<link>http://$GLProxyIP$:4500/channel.flv?server=$GL-IPLOW$&amp;channel=AlAdala_Low&amp;port=2077&amp;session=$GL-Sesession$</link>
	</item>
</streaminginfo>

<streaminginfo>
	<cname>Al Amaken Drama</cname>
	<item>
	<title>Proxy Low</title>
	<link>http://$GLProxyIP$:4500/channel.flv?server=$GL-IPLOW$&amp;channel=AlAmakenDrama_Low&amp;port=2077&amp;session=$GL-Sesession$</link>
	</item>
</streaminginfo>
<streaminginfo>
	<cname>Al Eqtisadiyah</cname>
	<item>
	<title>Proxy Low</title>
	<link>http://$GLProxyIP$:4500/channel.flv?server=$GL-IPLOW$&amp;channel=AlEqtisadiyah_Low&amp;port=2077&amp;session=$GL-Sesession$</link>
	</item>
</streaminginfo>
<streaminginfo>
	<cname>Al Fayhaa</cname>
	<item>
	<title>Proxy Low</title>
	<link>http://$GLProxyIP$:4500/channel.flv?server=$GL-IPLOW$&amp;channel=AlFayhaa_Low&amp;port=2077&amp;session=$GL-Sesession$</link>
	</item>
</streaminginfo>
<streaminginfo>
	<cname>Al Haqeeqa</cname>
	<item>
	<title>Proxy Low</title>
	<link>http://$GLProxyIP$:4500/channel.flv?server=$GL-IPLOW$&amp;channel=AlHaqeeqa_Low&amp;port=2077&amp;session=$GL-Sesession$</link>
	</item>
</streaminginfo>
<streaminginfo>
	<cname>KSA News</cname>
	<item>
	<title>Proxy Low</title>
	<link>http://$GLProxyIP$:4500/channel.flv?server=$GL-IPLOW$&amp;channel=AlEkhbariya_Low&amp;port=2077&amp;session=$GL-Sesession$</link>
	</item>
</streaminginfo>
<streaminginfo>
	<cname>Al Kout</cname>
	<item>
	<title>Proxy Low</title>
	<link>http://$GLProxyIP$:4500/channel.flv?server=$GL-IPLOW$&amp;channel=AlKout_Low&amp;port=2077&amp;session=$GL-Sesession$</link>
	</item>
</streaminginfo>
<streaminginfo>
	<cname>Al Maghribia</cname>
	<item>
	<title>Proxy Low</title>
	<link>http://$GLProxyIP$:4500/channel.flv?server=$GL-IPLOW$&amp;channel=AlMaghribia_Low&amp;port=2077&amp;session=$GL-Sesession$</link>
	</item>
</streaminginfo>
<streaminginfo>
	<cname>Al Majd</cname>
	<item>
	<title>Proxy Low</title>
	<link>http://$GLProxyIP$:4500/channel.flv?server=$GL-IPLOW$&amp;channel=AlmajdSpace_Low&amp;port=2077&amp;session=$GL-Sesession$</link>
	</item>
</streaminginfo>
<streaminginfo>
	<cname>Al Manar</cname>
	<item>
	<title>Proxy Low</title>
	<link>http://$GLProxyIP$:4500/channel.flv?server=$GL-IPLOW$&amp;channel=AlManar_Low&amp;port=2077&amp;session=$GL-Sesession$</link>
	</item>
</streaminginfo>
<streaminginfo>
	<cname>Al Masar</cname>
	<item>
	<title>Proxy Low</title>
	<link>http://$GLProxyIP$:4500/channel.flv?server=$GL-IPLOW$&amp;channel=AlMasar_Low&amp;port=2077&amp;session=$GL-Sesession$</link>
	</item>
</streaminginfo>
<streaminginfo>
	<cname>Al Masriyah</cname>
	<item>
	<title>Proxy Low</title>
	<link>http://$GLProxyIP$:4500/channel.flv?server=$GL-IPLOW$&amp;channel=AlMasriyah_Low&amp;port=2077&amp;session=$GL-Sesession$</link>
	</item>
</streaminginfo>
<streaminginfo>
	<cname>Al Moustakilla</cname>
	<item>
	<title>Proxy Low</title>
	<link>http://$GLProxyIP$:4500/channel.flv?server=$GL-IPLOW$&amp;channel=AlMustakila_Low&amp;port=2077&amp;session=$GL-Sesession$</link>
	</item>
</streaminginfo>
<streaminginfo>
	<cname>Al Ordonia</cname>
	<item>
	<title>Proxy Low</title>
	<link>http://$GLProxyIP$:4500/channel.flv?server=$GL-IPLOW$&amp;channel=AlOrdoni_Low&amp;port=2077&amp;session=$GL-Sesession$</link>
	</item>
</streaminginfo>
<streaminginfo>
	<cname>Al oula Maroc</cname>
	<item>
	<title>Proxy Low</title>
	<link>http://$GLProxyIP$:4500/channel.flv?server=$GL-IPLOW$&amp;channel=AlAoulaEurope_Low&amp;port=2077&amp;session=$GL-Sesession$</link>
	</item>
</streaminginfo>
<streaminginfo>
	<cname>Al Rafidain</cname>
	<item>
	<title>Proxy Low</title>
	<link>http://$GLProxyIP$:4500/channel.flv?server=$GL-IPLOW$&amp;channel=AlRafidain_Low&amp;port=2077&amp;session=$GL-Sesession$</link>
	</item>
</streaminginfo>
<streaminginfo>
	<cname>Al Rasheed</cname>
	<item>
	<title>Proxy Low</title>
	<link>http://$GLProxyIP$:4500/channel.flv?server=$GL-IPLOW$&amp;channel=AlRasheed_Low&amp;port=2077&amp;session=$GL-Sesession$</link>
	</item>
</streaminginfo>
<streaminginfo>
	<cname>Al Sabah</cname>
	<item>
	<title>Proxy Low</title>
	<link>http://$GLProxyIP$:4500/channel.flv?server=$GL-IPLOW$&amp;channel=AlSabah_Low&amp;port=2077&amp;session=$GL-Sesession$</link>
	</item>
</streaminginfo>
<streaminginfo>
	<cname>Al sahraa</cname>
	<item>
	<title>Proxy Low</title>
	<link>http://$GLProxyIP$:4500/channel.flv?server=$GL-IPLOW$&amp;channel=AlSahraa_Low&amp;port=2077&amp;session=$GL-Sesession$</link>
	</item>
</streaminginfo>
<streaminginfo>
	<cname>Al Sharqiya News</cname>
	<item>
	<title>Proxy Low</title>
	<link>http://$GLProxyIP$:4500/channel.flv?server=$GL-IPLOW$&amp;channel=AlsharqiyaNews_Low&amp;port=2077&amp;session=$GL-Sesession$</link>
	</item>
</streaminginfo>
<streaminginfo>
	<cname>Al Sharqiya</cname>
	<item>
	<title>Proxy Low</title>
	<link>http://$GLProxyIP$:4500/channel.flv?server=$GL-IPLOW$&amp;channel=AlSharqiya_Low&amp;port=2077&amp;session=$GL-Sesession$</link>
	</item>
</streaminginfo>
<streaminginfo>
	<cname>Al Sumaria</cname>
	<item>
	<title>Proxy Low</title>
	<link>http://$GLProxyIP$:4500/channel.flv?server=$GL-IPLOW$&amp;channel=Alsumaria_Low&amp;port=2077&amp;session=$GL-Sesession$</link>
	</item>
</streaminginfo>
<streaminginfo>
	<cname>Al Taghier</cname>
	<item>
	<title>Proxy Low</title>
	<link>http://$GLProxyIP$:4500/channel.flv?server=$GL-IPLOW$&amp;channel=AlTaghier_Low&amp;port=2077&amp;session=$GL-Sesession$</link>
	</item>
</streaminginfo>
<streaminginfo>
	<cname>Al Thakafiyah</cname>
	<item>
	<title>Proxy Low</title>
	<link>http://$GLProxyIP$:4500/channel.flv?server=$GL-IPLOW$&amp;channel=AlThakafiyah_Low&amp;port=2077&amp;session=$GL-Sesession$</link>
	</item>
</streaminginfo>
<streaminginfo>
	<cname>Al-hurra Iraq</cname>
	<item>
	<title>Proxy Low</title>
	<link>http://$GLProxyIP$:4500/channel.flv?server=$GL-IPLOW$&amp;channel=AlhurraIraq_Low&amp;port=2077&amp;session=$GL-Sesession$</link>
	</item>
</streaminginfo>
<streaminginfo>
	<cname>Al-Resalah</cname>
	<item>
	<title>Proxy Low</title>
	<link>http://$GLProxyIP$:4500/channel.flv?server=$GL-IPLOW$&amp;channel=AlResala_Low&amp;port=2077&amp;session=$GL-Sesession$</link>
	</item>
</streaminginfo>
<streaminginfo>
	<cname>Aldiyar</cname>
	<item>
	<title>Proxy Low</title>
	<link>http://$GLProxyIP$:4500/channel.flv?server=$GL-IPLOW$&amp;channel=AldiyarSat_Low&amp;port=2077&amp;session=$GL-Sesession$</link>
	</item>
</streaminginfo>
<streaminginfo>
	<cname>Algeria 3</cname>
	<item>
	<title>Proxy Low</title>
	<link>http://$GLProxyIP$:4500/channel.flv?server=$GL-IPLOW$&amp;channel=Thalitha_Low&amp;port=2077&amp;session=$GL-Sesession$</link>
	</item>
</streaminginfo>
<streaminginfo>
	<cname>AlGeria</cname>
	<item>
	<title>Proxy Low</title>
	<link>http://$GLProxyIP$:4500/channel.flv?server=$GL-IPLOW$&amp;channel=CanalAlgerie_Low&amp;port=2077&amp;session=$GL-Sesession$</link>
	</item>
</streaminginfo>
<streaminginfo>
	<cname>Aliraqiya</cname>
	<item>
	<title>Proxy Low</title>
	<link>http://$GLProxyIP$:4500/channel.flv?server=$GL-IPLOW$&amp;channel=AlIraqiya_Low&amp;port=2077&amp;session=$GL-Sesession$</link>
	</item>
</streaminginfo>
<streaminginfo>
	<cname>Aljazeera En</cname>
	<item>
	<title>Proxy Low</title>
	<link>http://$GLProxyIP$:4500/channel.flv?server=$GL-IPLOW$&amp;channel=AlJazeeraEnglish_Low&amp;port=2077&amp;session=$GL-Sesession$</link>
	</item>
</streaminginfo>
<streaminginfo>
	<cname>AlJazeera</cname>
	<item>
	<title>Proxy Low</title>
	<link>http://$GLProxyIP$:4500/channel.flv?server=$GL-IPLOW$&amp;channel=AlJazeera_Low&amp;port=2077&amp;session=$GL-Sesession$</link>
	</item>
</streaminginfo>
<streaminginfo>
	<cname>Alkarama_Christian</cname>
	<item>
	<title>Proxy Low</title>
	<link>http://$GLProxyIP$:4500/channel.flv?server=$GL-IPLOW$&amp;channel=AlKarma_Low&amp;port=2077&amp;session=$GL-Sesession$</link>
	</item>
</streaminginfo>
<streaminginfo>
	<cname>alkass</cname>
	<item>
	<title>Proxy Low</title>
	<link>http://$GLProxyIP$:4500/channel.flv?server=$GL-IPLOW$&amp;channel=AlDawriAlKassSport_Low&amp;port=2077&amp;session=$GL-Sesession$</link>
	</item>
</streaminginfo>
<streaminginfo>
	<cname>AlMalakot</cname>
	<item>
	<title>Proxy Low</title>
	<link>http://$GLProxyIP$:4500/channel.flv?server=$GL-IPLOW$&amp;channel=AlMalakot_Low&amp;port=2077&amp;session=$GL-Sesession$</link>
	</item>
</streaminginfo>
<streaminginfo>
	<cname>AlMukhales</cname>
	<item>
	<title>Proxy Low</title>
	<link>http://$GLProxyIP$:4500/channel.flv?server=$GL-IPLOW$&amp;channel=AlMukhales_Low&amp;port=2077&amp;session=$GL-Sesession$</link>
	</item>
</streaminginfo>
<streaminginfo>
	<cname>Alqudis</cname>
	<item>
	<title>Proxy Low</title>
	<link>http://$GLProxyIP$:4500/channel.flv?server=$GL-IPLOW$&amp;channel=Alquds_Low&amp;port=2077&amp;session=$GL-Sesession$</link>
	</item>
</streaminginfo>
<streaminginfo>
	<cname>Alriadia Sport</cname>
	<item>
	<title>Proxy Low</title>
	<link>http://$GLProxyIP$:4500/channel.flv?server=$GL-IPLOW$&amp;channel=Arryadia_Low&amp;port=2077&amp;session=$GL-Sesession$</link>
	</item>
</streaminginfo>

<streaminginfo>
	<cname>Arabica Music</cname>
	<item>
	<title>Proxy Low</title>
	<link>http://$GLProxyIP$:4500/channel.flv?server=$GL-IPLOW$&amp;channel=ArabicaMusic_Low&amp;port=2077&amp;session=$GL-Sesession$</link>
	</item>
</streaminginfo>
<streaminginfo>
	<cname>Arrabia</cname>
	<item>
	<title>Proxy Low</title>
	<link>http://$GLProxyIP$:4500/channel.flv?server=$GL-IPLOW$&amp;channel=Arrabiaa_Low&amp;port=2077&amp;session=$GL-Sesession$</link>
	</item>
</streaminginfo>
<streaminginfo>
	<cname>Assadissa</cname>
	<item>
	<title>Proxy Low</title>
	<link>http://$GLProxyIP$:4500/channel.flv?server=$GL-IPLOW$&amp;channel=Assadissa_Low&amp;port=2077&amp;session=$GL-Sesession$</link>
	</item>
</streaminginfo>
<streaminginfo>
	<cname>sunnah TV</cname>
	<item>
	<title>Proxy Low</title>
	<link>http://$GLProxyIP$:4500/channel.flv?server=$GL-IPLOW$&amp;channel=AlSunnah_Low&amp;port=2077&amp;session=$GL-Sesession$</link>
	</item>
</streaminginfo>
<streaminginfo>
	<cname>BAHRAIN SPORTS</cname>
	<item>
	<title>Proxy Low</title>
	<link>http://$GLProxyIP$:4500/channel.flv?server=$GL-IPLOW$&amp;channel=BahrainSport_Low&amp;port=2077&amp;session=$GL-Sesession$</link>
	</item>
</streaminginfo>
<streaminginfo>
	<cname>Bahrain</cname>
	<item>
	<title>Proxy Low</title>
	<link>http://$GLProxyIP$:4500/channel.flv?server=$GL-IPLOW$&amp;channel=Bahrain_Low&amp;port=2077&amp;session=$GL-Sesession$</link>
	</item>
</streaminginfo>
<streaminginfo>
	<cname>BBC Arabic</cname>
	<item>
	<title>Proxy Low</title>
	<link>http://$GLProxyIP$:4500/channel.flv?server=$GL-IPLOW$&amp;channel=BBCArabic_Low&amp;port=2077&amp;session=$GL-Sesession$</link>
	</item>
</streaminginfo>
<streaminginfo>
	<cname>Beladi</cname>
	<item>
	<title>Proxy Low</title>
	<link>http://$GLProxyIP$:4500/channel.flv?server=$GL-IPLOW$&amp;channel=Beladi_Low&amp;port=2077&amp;session=$GL-Sesession$</link>
	</item>
</streaminginfo>
<streaminginfo>
	<cname>Blue Nile</cname>
	<item>
	<title>Proxy Low</title>
	<link>http://$GLProxyIP$:4500/channel.flv?server=$GL-IPLOW$&amp;channel=BlueNile_Low&amp;port=2077&amp;session=$GL-Sesession$</link>
	</item>
</streaminginfo>
<streaminginfo>
	<cname>CCTV Arabic</cname>
	<item>
	<title>Proxy Low</title>
	<link>http://$GLProxyIP$:4500/channel.flv?server=$GL-IPLOW$&amp;channel=CCTVArabia_Low&amp;port=2077&amp;session=$GL-Sesession$</link>
	</item>
</streaminginfo>
<streaminginfo>
	<cname>Coptic_Christian</cname>
	<item>
	<title>Proxy Low</title>
	<link>http://$GLProxyIP$:4500/channel.flv?server=$GL-IPLOW$&amp;channel=CTVEgypt_Low&amp;port=2077&amp;session=$GL-Sesession$</link>
	</item>
</streaminginfo>
<streaminginfo>
	<cname>Djibouti</cname>
	<item>
	<title>Proxy Low</title>
	<link>http://$GLProxyIP$:4500/channel.flv?server=$GL-IPLOW$&amp;channel=RTD_Low&amp;port=2077&amp;session=$GL-Sesession$</link>
	</item>
</streaminginfo>
<streaminginfo>
	<cname>Dream 1</cname>
	<item>
	<title>Proxy Low</title>
	<link>http://$GLProxyIP$:4500/channel.flv?server=$GL-IPLOW$&amp;channel=Dream1_Low&amp;port=2077&amp;session=$GL-Sesession$</link>
	</item>
</streaminginfo>
<streaminginfo>
	<cname>DW Arabic</cname>
	<item>
	<title>Proxy Low</title>
	<link>http://$GLProxyIP$:4500/channel.flv?server=$GL-IPLOW$&amp;channel=DWTVArabia_Low&amp;port=2077&amp;session=$GL-Sesession$</link>
	</item>
</streaminginfo>
<streaminginfo>
	<cname>Egypt 2</cname>
	<item>
	<title>Proxy Low</title>
	<link>http://$GLProxyIP$:4500/channel.flv?server=$GL-IPLOW$&amp;channel=AlThanya_Low&amp;port=2077&amp;session=$GL-Sesession$</link>
	</item>
</streaminginfo>
<streaminginfo>
	<cname>France 24</cname>
	<item>
	<title>Proxy Low</title>
	<link>http://$GLProxyIP$:4500/channel.flv?server=$GL-IPLOW$&amp;channel=France24Arabic_Low&amp;port=2077&amp;session=$GL-Sesession$</link>
	</item>
</streaminginfo>
<streaminginfo>
	<cname>Funoon</cname>
	<item>
	<title>Proxy Low</title>
	<link>http://$GLProxyIP$:4500/channel.flv?server=$GL-IPLOW$&amp;channel=Funoon_Low&amp;port=2077&amp;session=$GL-Sesession$</link>
	</item>
</streaminginfo>
<streaminginfo>
	<cname>GearOne</cname>
	<item>
	<title>Proxy Low</title>
	<link>http://$GLProxyIP$:4500/channel.flv?server=$GL-IPLOW$&amp;channel=GearOne_Low&amp;port=2077&amp;session=$GL-Sesession$</link>
	</item>
</streaminginfo>
<streaminginfo>
	<cname>Hanibal</cname>
	<item>
	<title>Proxy Low</title>
	<link>http://$GLProxyIP$:4500/channel.flv?server=$GL-IPLOW$&amp;channel=Hannibal_Low&amp;port=2077&amp;session=$GL-Sesession$</link>
	</item>
</streaminginfo>
<streaminginfo>
	<cname>HodHod</cname>
	<item>
	<title>Proxy Low</title>
	<link>http://$GLProxyIP$:4500/channel.flv?server=$GL-IPLOW$&amp;channel=HodHod_Low&amp;port=2077&amp;session=$GL-Sesession$</link>
	</item>
</streaminginfo>
<streaminginfo>
	<cname>Huda</cname>
	<item>
	<title>Proxy Low</title>
	<link>http://$GLProxyIP$:4500/channel.flv?server=$GL-IPLOW$&amp;channel=Huda_Low&amp;port=2077&amp;session=$GL-Sesession$</link>
	</item>
</streaminginfo>
<streaminginfo>
	<cname>Karameesh</cname>
	<item>
	<title>Proxy Low</title>
	<link>http://$GLProxyIP$:4500/channel.flv?server=$GL-IPLOW$&amp;channel=Karameesh_Low&amp;port=2077&amp;session=$GL-Sesession$</link>
	</item>
</streaminginfo>
<streaminginfo>
	<cname>Khartoum</cname>
	<item>
	<title>Proxy Low</title>
	<link>http://$GLProxyIP$:4500/channel.flv?server=$GL-IPLOW$&amp;channel=KhartoumTV_Low&amp;port=2077&amp;session=$GL-Sesession$</link>
	</item>
</streaminginfo>
<streaminginfo>
	<cname>KSA 1</cname>
	<item>
	<title>Proxy Low</title>
	<link>http://$GLProxyIP$:4500/channel.flv?server=$GL-IPLOW$&amp;channel=SaudiArabia1_Low&amp;port=2077&amp;session=$GL-Sesession$</link>
	</item>
</streaminginfo>
<streaminginfo>
	<cname>KSA 2</cname>
	<item>
	<title>Proxy Low</title>
	<link>http://$GLProxyIP$:4500/channel.flv?server=$GL-IPLOW$&amp;channel=KSA2_Low&amp;port=2077&amp;session=$GL-Sesession$</link>
	</item>
</streaminginfo>
<streaminginfo>
	<cname>KTV Sport Plus</cname>
	<item>
	<title>Proxy Low</title>
	<link>http://$GLProxyIP$:4500/channel.flv?server=$GL-IPLOW$&amp;channel=KTV3Plus_Low&amp;port=2077&amp;session=$GL-Sesession$</link>
	</item>
</streaminginfo>
<streaminginfo>
	<cname>KTV2</cname>
	<item>
	<title>Proxy Low</title>
	<link>http://$GLProxyIP$:4500/channel.flv?server=$GL-IPLOW$&amp;channel=KTV2Kuwait_Low&amp;port=2077&amp;session=$GL-Sesession$</link>
	</item>
</streaminginfo>
<streaminginfo>
	<cname>Kuwait</cname>
	<item>
	<title>Proxy Low</title>
	<link>http://$GLProxyIP$:4500/channel.flv?server=$GL-IPLOW$&amp;channel=KuwaitSpace_Low&amp;port=2077&amp;session=$GL-Sesession$</link>
	</item>
</streaminginfo>
<streaminginfo>
	<cname>Libya</cname>
	<item>
	<title>Proxy Low</title>
	<link>http://$GLProxyIP$:4500/channel.flv?server=$GL-IPLOW$&amp;channel=AlAhrar_Low&amp;port=2077&amp;session=$GL-Sesession$</link>
	</item>
</streaminginfo>
<streaminginfo>
	<cname>LLBN</cname>
	<item>
	<title>Proxy Low</title>
	<link>http://$GLProxyIP$:4500/channel.flv?server=$GL-IPLOW$&amp;channel=LLBN_Low&amp;port=2077&amp;session=$GL-Sesession$</link>
	</item>
</streaminginfo>
<streaminginfo>
	<cname>Mara7</cname>
	<item>
	<title>Proxy Low</title>
	<link>http://$GLProxyIP$:4500/channel.flv?server=$GL-IPLOW$&amp;channel=Mara7_Low&amp;port=2077&amp;session=$GL-Sesession$</link>
	</item>
</streaminginfo>
<streaminginfo>
	<cname>Massaya</cname>
	<item>
	<title>Proxy Low</title>
	<link>http://$GLProxyIP$:4500/channel.flv?server=$GL-IPLOW$&amp;channel=Massaya_Low&amp;port=2077&amp;session=$GL-Sesession$</link>
	</item>
</streaminginfo>
<streaminginfo>
	<cname>Mauritanie</cname>
	<item>
	<title>Proxy Low</title>
	<link>http://$GLProxyIP$:4500/channel.flv?server=$GL-IPLOW$&amp;channel=MauritaniaTV_Low&amp;port=2077&amp;session=$GL-Sesession$</link>
	</item>
</streaminginfo>
<streaminginfo>
	<cname>Mea</cname>
	<item>
	<title>Proxy Low</title>
	<link>http://$GLProxyIP$:4500/channel.flv?server=$GL-IPLOW$&amp;channel=MeaTV_Low&amp;port=2077&amp;session=$GL-Sesession$</link>
	</item>
</streaminginfo>
<streaminginfo>
	<cname>Medi 1 Sat</cname>
	<item>
	<title>Proxy Low</title>
	<link>http://$GLProxyIP$:4500/channel.flv?server=$GL-IPLOW$&amp;channel=Medi1_Low&amp;port=2077&amp;session=$GL-Sesession$</link>
	</item>
</streaminginfo>
<streaminginfo>
	<cname>Mehwar</cname>
	<item>
	<title>Proxy Low</title>
	<link>http://$GLProxyIP$:4500/channel.flv?server=$GL-IPLOW$&amp;channel=ElMehwar_Low&amp;port=2077&amp;session=$GL-Sesession$</link>
	</item>
</streaminginfo>
<streaminginfo>
	<cname>Nart</cname>
	<item>
	<title>Proxy Low</title>
	<link>http://$GLProxyIP$:4500/channel.flv?server=$GL-IPLOW$&amp;channel=Nart_Low&amp;port=2077&amp;session=$GL-Sesession$</link>
	</item>
</streaminginfo>
<streaminginfo>
	<cname>NBN</cname>
	<item>
	<title>Proxy Low</title>
	<link>http://$GLProxyIP$:4500/channel.flv?server=$GL-IPLOW$&amp;channel=NBNLebanon_Low&amp;port=2077&amp;session=$GL-Sesession$</link>
	</item>
</streaminginfo>
<streaminginfo>
	<cname>Neelain Sport</cname>
	<item>
	<title>Proxy Low</title>
	<link>http://$GLProxyIP$:4500/channel.flv?server=$GL-IPLOW$&amp;channel=NeelainSport_Low&amp;port=2077&amp;session=$GL-Sesession$</link>
	</item>
</streaminginfo>
<streaminginfo>
	<cname>Nessma</cname>
	<item>
	<title>Proxy Low</title>
	<link>http://$GLProxyIP$:4500/channel.flv?server=$GL-IPLOW$&amp;channel=Nessma_Low&amp;port=2077&amp;session=$GL-Sesession$</link>
	</item>
</streaminginfo>
<streaminginfo>
	<cname>Nile Sport</cname>
	<item>
	<title>Proxy Low</title>
	<link>http://$GLProxyIP$:4500/channel.flv?server=$GL-IPLOW$&amp;channel=NileSport_Low&amp;port=2077&amp;session=$GL-Sesession$</link>
	</item>
</streaminginfo>
<streaminginfo>
	<cname>Nojoom1</cname>
	<item>
	<title>Proxy Low</title>
	<link>http://$GLProxyIP$:4500/channel.flv?server=$GL-IPLOW$&amp;channel=Nojoom1_Low&amp;port=2077&amp;session=$GL-Sesession$</link>
	</item>
</streaminginfo>
<streaminginfo>
	<cname>Noor Dubai</cname>
	<item>
	<title>Proxy Low</title>
	<link>http://$GLProxyIP$:4500/channel.flv?server=$GL-IPLOW$&amp;channel=NoorDubai_Low&amp;port=2077&amp;session=$GL-Sesession$</link>
	</item>
</streaminginfo>
<streaminginfo>
	<cname>Nourmina</cname>
	<item>
	<title>Proxy Low</title>
	<link>http://$GLProxyIP$:4500/channel.flv?server=$GL-IPLOW$&amp;channel=Nourmina_Low&amp;port=2077&amp;session=$GL-Sesession$</link>
	</item>
</streaminginfo>
<streaminginfo>
	<cname>Om Durman</cname>
	<item>
	<title>Proxy Low</title>
	<link>http://$GLProxyIP$:4500/channel.flv?server=$GL-IPLOW$&amp;channel=OmDurman_Low&amp;port=2077&amp;session=$GL-Sesession$</link>
	</item>
</streaminginfo>
<streaminginfo>
	<cname>Oman</cname>
	<item>
	<title>Proxy Low</title>
	<link>http://$GLProxyIP$:4500/channel.flv?server=$GL-IPLOW$&amp;channel=Oman_Low&amp;port=2077&amp;session=$GL-Sesession$</link>
	</item>
</streaminginfo>
<streaminginfo>
	<cname>Oyoun Jeddah</cname>
	<item>
	<title>Proxy Low</title>
	<link>http://$GLProxyIP$:4500/channel.flv?server=$GL-IPLOW$&amp;channel=OyounJeddah_Low&amp;port=2077&amp;session=$GL-Sesession$</link>
	</item>
</streaminginfo>
<streaminginfo>
	<cname>Palestine AlYawm</cname>
	<item>
	<title>Proxy Low</title>
	<link>http://$GLProxyIP$:4500/channel.flv?server=$GL-IPLOW$&amp;channel=PalestineAlYawm_Low&amp;port=2077&amp;session=$GL-Sesession$</link>
	</item>
</streaminginfo>
<streaminginfo>
	<cname>Palestine</cname>
	<item>
	<title>Proxy Low</title>
	<link>http://$GLProxyIP$:4500/channel.flv?server=$GL-IPLOW$&amp;channel=Palestinian_Low&amp;port=2077&amp;session=$GL-Sesession$</link>
	</item>
</streaminginfo>
<streaminginfo>
	<cname>Qatar</cname>
	<item>
	<title>Proxy Low</title>
	<link>http://$GLProxyIP$:4500/channel.flv?server=$GL-IPLOW$&amp;channel=Qatar_Low&amp;port=2077&amp;session=$GL-Sesession$</link>
	</item>
</streaminginfo>
<streaminginfo>
	<cname>Quran TV ksa</cname>
	<item>
	<title>Proxy Low</title>
	<link>http://$GLProxyIP$:4500/channel.flv?server=$GL-IPLOW$&amp;channel=AlQuran_Low&amp;port=2077&amp;session=$GL-Sesession$</link>
	</item>
</streaminginfo>
<streaminginfo>
	<cname>Roya</cname>
	<item>
	<title>Proxy Low</title>
	<link>http://$GLProxyIP$:4500/channel.flv?server=$GL-IPLOW$&amp;channel=Roya_Low&amp;port=2077&amp;session=$GL-Sesession$</link>
	</item>
</streaminginfo>
<streaminginfo>
	<cname>Russia Alyaum</cname>
	<item>
	<title>Proxy Low</title>
	<link>http://$GLProxyIP$:4500/channel.flv?server=$GL-IPLOW$&amp;channel=RussiyaAlYaum_Low&amp;port=2077&amp;session=$GL-Sesession$</link>
	</item>
</streaminginfo>
<streaminginfo>
	<cname>Sama Dubai</cname>
	<item>
	<title>Proxy Low</title>
	<link>http://$GLProxyIP$:4500/channel.flv?server=$GL-IPLOW$&amp;channel=SamaDubai_Low&amp;port=2077&amp;session=$GL-Sesession$</link>
	</item>
</streaminginfo>
<streaminginfo>
	<cname>Sama Syria</cname>
	<item>
	<title>Proxy Low</title>
	<link>http://$GLProxyIP$:4500/channel.flv?server=$GL-IPLOW$&amp;channel=SamaTV_Low&amp;port=2077&amp;session=$GL-Sesession$</link>
	</item>
</streaminginfo>
<streaminginfo>
	<cname>Sat7 Kid</cname>
	<item>
	<title>Proxy Low</title>
	<link>http://$GLProxyIP$:4500/channel.flv?server=$GL-IPLOW$&amp;channel=Sat7Kid_Low&amp;port=2077&amp;session=$GL-Sesession$</link>
	</item>
</streaminginfo>
<streaminginfo>
	<cname>Saudia Sport</cname>
	<item>
	<title>Proxy Low</title>
	<link>http://$GLProxyIP$:4500/channel.flv?server=$GL-IPLOW$&amp;channel=AlRiyadiah_Low&amp;port=2077&amp;session=$GL-Sesession$</link>
	</item>
</streaminginfo>
<streaminginfo>
	<cname>Scope</cname>
	<item>
	<title>Proxy Low</title>
	<link>http://$GLProxyIP$:4500/channel.flv?server=$GL-IPLOW$&amp;channel=ScopeTV_Low&amp;port=2077&amp;session=$GL-Sesession$</link>
	</item>
</streaminginfo>
<streaminginfo>
	<cname>Sharjah</cname>
	<item>
	<title>Proxy Low</title>
	<link>http://$GLProxyIP$:4500/channel.flv?server=$GL-IPLOW$&amp;channel=SharjahTV_Low&amp;port=2077&amp;session=$GL-Sesession$</link>
	</item>
</streaminginfo>
<streaminginfo>
	<cname>Sheba</cname>
	<item>
	<title>Proxy Low</title>
	<link>http://$GLProxyIP$:4500/channel.flv?server=$GL-IPLOW$&amp;channel=Sheba_Low&amp;port=2077&amp;session=$GL-Sesession$</link>
	</item>
</streaminginfo>
<streaminginfo>
	<cname>SM SM KIDS</cname>
	<item>
	<title>Proxy Low</title>
	<link>http://$GLProxyIP$:4500/channel.flv?server=$GL-IPLOW$&amp;channel=Semsem_Low&amp;port=2077&amp;session=$GL-Sesession$</link>
	</item>
</streaminginfo>
<streaminginfo>
	<cname>Sudan TV</cname>
	<item>
	<title>Proxy Low</title>
	<link>http://$GLProxyIP$:4500/channel.flv?server=$GL-IPLOW$&amp;channel=Sudan_Low&amp;port=2077&amp;session=$GL-Sesession$</link>
	</item>
</streaminginfo>
<streaminginfo>
	<cname>sunnah TV</cname>
	<item>
	<title>Proxy Low</title>
	<link>http://$GLProxyIP$:4500/channel.flv?server=$GL-IPLOW$&amp;channel=AlSunnah_Low&amp;port=2077&amp;session=$GL-Sesession$</link>
	</item>
</streaminginfo>
<streaminginfo>
	<cname>Syria Drama</cname>
	<item>
	<title>Proxy Low</title>
	<link>http://$GLProxyIP$:4500/channel.flv?server=$GL-IPLOW$&amp;channel=SyriaDrama_Low&amp;port=2077&amp;session=$GL-Sesession$</link>
	</item>
</streaminginfo>
<streaminginfo>
	<cname>Syria Nour</cname>
	<item>
	<title>Proxy Low</title>
	<link>http://$GLProxyIP$:4500/channel.flv?server=$GL-IPLOW$&amp;channel=NourElSham_Low&amp;port=2077&amp;session=$GL-Sesession$</link>
	</item>
</streaminginfo>
<streaminginfo>
	<cname>Syria Sedu</cname>
	<item>
	<title>Proxy Low</title>
	<link>http://$GLProxyIP$:4500/channel.flv?server=$GL-IPLOW$&amp;channel=SyrianEducation_Low&amp;port=2077&amp;session=$GL-Sesession$</link>
	</item>
</streaminginfo>
<streaminginfo>
	<cname>Syria</cname>
	<item>
	<title>Proxy Low</title>
	<link>http://$GLProxyIP$:4500/channel.flv?server=$GL-IPLOW$&amp;channel=SyriaSat_Low&amp;port=2077&amp;session=$GL-Sesession$</link>
	</item>
</streaminginfo>
<streaminginfo>
	<cname>Taha</cname>
	<item>
	<title>Proxy Low</title>
	<link>http://$GLProxyIP$:4500/channel.flv?server=$GL-IPLOW$&amp;channel=Taha_Low&amp;port=2077&amp;session=$GL-Sesession$</link>
	</item>
</streaminginfo>
<streaminginfo>
	<cname>Tahrir</cname>
	<item>
	<title>Proxy Low</title>
	<link>http://$GLProxyIP$:4500/channel.flv?server=$GL-IPLOW$&amp;channel=Tahrir_Low&amp;port=2077&amp;session=$GL-Sesession$</link>
	</item>
</streaminginfo>
<streaminginfo>
	<cname>Tamazigh Maroc</cname>
	<item>
	<title>Proxy Low</title>
	<link>http://$GLProxyIP$:4500/channel.flv?server=$GL-IPLOW$&amp;channel=Tamazight_Low&amp;port=2077&amp;session=$GL-Sesession$</link>
	</item>
</streaminginfo>
<streaminginfo>
	<cname>Tele Liban</cname>
	<item>
	<title>Proxy Low</title>
	<link>http://$GLProxyIP$:4500/channel.flv?server=$GL-IPLOW$&amp;channel=TeleLiban_Low&amp;port=2077&amp;session=$GL-Sesession$</link>
	</item>
</streaminginfo>
<streaminginfo>
	<cname>Toyor Al Janah</cname>
	<item>
	<title>Proxy Low</title>
	<link>http://$GLProxyIP$:4500/channel.flv?server=$GL-IPLOW$&amp;channel=ToyorAlJanah_Low&amp;port=2077&amp;session=$GL-Sesession$</link>
	</item>
</streaminginfo>
<streaminginfo>
	<cname>TRT Arabic</cname>
	<item>
	<title>Proxy Low</title>
	<link>http://$GLProxyIP$:4500/channel.flv?server=$GL-IPLOW$&amp;channel=TRTArabic_Low&amp;port=2077&amp;session=$GL-Sesession$</link>
	</item>
</streaminginfo>
<streaminginfo>
	<cname>Tunisia national 1</cname>
	<item>
	<title>Proxy Low</title>
	<link>http://$GLProxyIP$:4500/channel.flv?server=$GL-IPLOW$&amp;channel=Tunisie7_Low&amp;port=2077&amp;session=$GL-Sesession$</link>
	</item>
</streaminginfo>
<streaminginfo>
	<cname>Wanasah</cname>
	<item>
	<title>Proxy Low</title>
	<link>http://$GLProxyIP$:4500/channel.flv?server=$GL-IPLOW$&amp;channel=Wanasah_Low&amp;port=2077&amp;session=$GL-Sesession$</link>
	</item>
</streaminginfo>
<streaminginfo>
	<cname>Yemen</cname>
	<item>
	<title>Proxy Low</title>
	<link>http://$GLProxyIP$:4500/channel.flv?server=$GL-IPLOW$&amp;channel=Yemen_Low&amp;port=2077&amp;session=$GL-Sesession$</link>
	</item>
</streaminginfo>
<streaminginfo>
	<cname>Zweina Bladna</cname>
	<item>
	<title>Proxy Low</title>
	<link>http://$GLProxyIP$:4500/channel.flv?server=$GL-IPLOW$&amp;channel=ZweinaBaladna_Low&amp;port=2077&amp;session=$GL-Sesession$</link>
	</item>
</streaminginfo>





</streamingInfos>
