<streamingInfos>

<!-- Indian Channels Start -->

<streaminginfo>
        <cname>&amp;TV APAC</cname>
		<item>
		<title>High</title>
		<link>plugin://plugin.video.f4mTester/?streamtype=TSDOWNLOADER&amp;url=http://ipsatpro.info:8080/live/190zih8du18vsyyf/190zih8du18vsyyf/1802.ts</link>
		</item>
</streaminginfo>
<streaminginfo>
        <cname>&amp;TV</cname>
		<item>
		<title>High</title>
		<link>plugin://plugin.video.f4mTester/?streamtype=TSDOWNLOADER&amp;url=http://ipsatpro.info:8080/live/190zih8du18vsyyf/190zih8du18vsyyf/1754.ts</link>
		</item>
</streaminginfo>
<streaminginfo>
        <cname>&amp;TV HD</cname>
		<item>
		<title>High</title>
		<link>plugin://plugin.video.f4mTester/?streamtype=TSDOWNLOADER&amp;url=http://ipsatpro.info:8080/live/190zih8du18vsyyf/190zih8du18vsyyf/1816.ts</link>
		</item>
</streaminginfo>
<streaminginfo>
        <cname>B4U Aflam</cname>
		<item>
		<title>High</title>
		<link>plugin://plugin.video.f4mTester/?streamtype=TSDOWNLOADER&amp;url=http://ipsatpro.info:8080/live/190zih8du18vsyyf/190zih8du18vsyyf/1791.ts</link>
		</item>
</streaminginfo>

<streaminginfo>
    <cname>B4U Movies</cname>
	<item>
	<title>Box</title>
	<link>plugin://plugin.video.f4mTester/?streamtype=TSDOWNLOADER&amp;url=http://ipsatpro.info:8080/live/190zih8du18vsyyf/190zih8du18vsyyf/1792.ts</link>
	</item>
</streaminginfo>

<streaminginfo>
        <cname>Colors UK</cname>
		<item>
		<title>High</title>
		<link>plugin://plugin.video.f4mTester/?streamtype=TSDOWNLOADER&amp;url=http://ipsatpro.info:8080/live/190zih8du18vsyyf/190zih8du18vsyyf/3049.ts</link>
		</item>
</streaminginfo>
<streaminginfo>
        <cname>Colors US</cname>
		<item>
		<title>High</title>
		<link>plugin://plugin.video.f4mTester/?streamtype=TSDOWNLOADER&amp;url=http://ipsatpro.info:8080/live/190zih8du18vsyyf/190zih8du18vsyyf/1830.ts</link>
		</item>
</streaminginfo>
<streaminginfo>
        <cname>Colors Bangla</cname>
		<item>
		<title>High</title>
		<link>plugin://plugin.video.f4mTester/?streamtype=TSDOWNLOADER&amp;url=http://ipsatpro.info:8080/live/190zih8du18vsyyf/190zih8du18vsyyf/2946.ts</link>
		</item>
</streaminginfo>
<streaminginfo>
        <cname>Colors ME</cname>
		<item>
		<title>High</title>
		<link>plugin://plugin.video.f4mTester/?streamtype=TSDOWNLOADER&amp;url=http://ipsatpro.info:8080/live/190zih8du18vsyyf/190zih8du18vsyyf/1824.ts</link>
		</item>
</streaminginfo>

<streaminginfo>
        <cname>Imagines Movies</cname>
		<item>
		<title>High</title>
		<link>plugin://plugin.video.f4mTester/?streamtype=TSDOWNLOADER&amp;url=http://best4u.biz:8000/live/dmy2101/9764681/852.ts</link>
		</item>
</streaminginfo>

<streaminginfo>
        <cname>Sony Max HD</cname>
		<item>
		<title>High</title>
		<link>plugin://plugin.video.f4mTester/?streamtype=TSDOWNLOADER&amp;url=http://best4u.biz:8000/live/dmy2101/9764681/1345.ts</link>
		</item>
</streaminginfo>

<streaminginfo>
    <cname>Star Plus (UK)</cname>
	<item>
	<title>High</title>
	<link>plugin://plugin.video.f4mTester/?streamtype=TSDOWNLOADER&amp;url=http://ipsatpro.info:8080/live/190zih8du18vsyyf/190zih8du18vsyyf/1753.ts</link>
	</item>
</streaminginfo>
<streaminginfo>
    <cname>Star Plus (Hindi)</cname>
	<item>
	<title>High</title>
	<link>plugin://plugin.video.f4mTester/?streamtype=TSDOWNLOADER&amp;url=http://ipsatpro.info:8080/live/190zih8du18vsyyf/190zih8du18vsyyf/1803.ts</link>
	</item>
</streaminginfo>
<streaminginfo>
    <cname>Star Gold</cname>
	<item>
	<title>High</title>
	<link>plugin://plugin.video.f4mTester/?streamtype=TSDOWNLOADER&amp;url=http://best4u.biz:8000/live/dmy2101/9764681/2048.ts</link>
	</item>
</streaminginfo>

<streaminginfo>
    <cname>Zee Action</cname>
	<item>
	<title>Hamada: High</title>
	<link>plugin://plugin.video.f4mTester/?streamtype=TSDOWNLOADER&amp;url=http://ipsatpro.info:8080/live/190zih8du18vsyyf/190zih8du18vsyyf/2966.ts</link>
	</item>
</streaminginfo>
<streaminginfo>
    <cname>Zee Aflam</cname>
	<item>
	<title>Hamada: High</title>
	<link>plugin://plugin.video.f4mTester/?streamtype=TSDOWNLOADER&amp;url=http://ipsatpro.info:8080/live/190zih8du18vsyyf/190zih8du18vsyyf/1779.ts</link>
	</item>
</streaminginfo>

<streaminginfo>
    <cname>Zee Alwan</cname>
	<item>
	<title>Hamada: High</title>
	<link>plugin://plugin.video.f4mTester/?streamtype=TSDOWNLOADER&amp;url=http://ipsatpro.info:8080/live/190zih8du18vsyyf/190zih8du18vsyyf/1778.ts</link>
	</item>
</streaminginfo>
<streaminginfo>
    <cname>Zee Anmol</cname>
	<item>
	<title>Hamada: High</title>
	<link>plugin://plugin.video.f4mTester/?streamtype=TSDOWNLOADER&amp;url=http://ipsatpro.info:8080/live/190zih8du18vsyyf/190zih8du18vsyyf/1813.ts</link>
	</item>
</streaminginfo>

<streaminginfo>
        <cname>Zee Bangla</cname>
		<item>
		<title>High</title>
		<link>plugin://plugin.video.f4mTester/?streamtype=TSDOWNLOADER&amp;url=http://ipsatpro.info:8080/live/190zih8du18vsyyf/190zih8du18vsyyf/1784.ts</link>
		</item>
</streaminginfo>
<streaminginfo>
        <cname>Zee TV Canada</cname>
		<item>
		<title>High</title>
		<link>plugin://plugin.video.f4mTester/?streamtype=TSDOWNLOADER&amp;url=http://ipsatpro.info:8080/live/190zih8du18vsyyf/190zih8du18vsyyf/1760.ts</link>
		</item>
</streaminginfo>

<streaminginfo>
        <cname>Zee Cinema HD</cname>
		<item>
		<title>High</title>
		<link>plugin://plugin.video.f4mTester/?streamtype=TSDOWNLOADER&amp;url=http://ipsatpro.info:8080/live/190zih8du18vsyyf/190zih8du18vsyyf/1750.ts</link>
		</item>
</streaminginfo>
<streaminginfo>
        <cname>Zee Cinema HD (ME)</cname>
		<item>
		<title>High</title>
		<link>plugin://plugin.video.f4mTester/?streamtype=TSDOWNLOADER&amp;url=http://ipsatpro.info:8080/live/190zih8du18vsyyf/190zih8du18vsyyf/1782.ts</link>
		</item>
</streaminginfo>
<streaminginfo>
        <cname>Zee Cinema HD (UK)</cname>
		<item>
		<title>High</title>
		<link>plugin://plugin.video.f4mTester/?streamtype=TSDOWNLOADER&amp;url=http://ipsatpro.info:8080/live/190zih8du18vsyyf/190zih8du18vsyyf/1780.ts</link>
		</item>
</streaminginfo>

<streaminginfo>
        <cname>Zee Classic</cname>
		<item>
		<title>High</title>
		<link>plugin://plugin.video.f4mTester/?streamtype=TSDOWNLOADER&amp;url=http://ipsatpro.info:8080/live/190zih8du18vsyyf/190zih8du18vsyyf/1752.ts</link>
		</item>
</streaminginfo>

<streaminginfo>
        <cname>Zee Kannada</cname>
		<item>
		<title>High</title>
		<link>plugin://plugin.video.f4mTester/?streamtype=TSDOWNLOADER&amp;url=http://ipsatpro.info:8080/live/190zih8du18vsyyf/190zih8du18vsyyf/2968.ts</link>
		</item>
</streaminginfo>
<streaminginfo>
        <cname>Zee Punjab</cname>
		<item>
		<title>High</title>
		<link>plugin://plugin.video.f4mTester/?streamtype=TSDOWNLOADER&amp;url=http://ipsatpro.info:8080/live/190zih8du18vsyyf/190zih8du18vsyyf/3051.ts</link>
		</item>
</streaminginfo>
<streaminginfo>
        <cname>Zee TV</cname>
		<item>
		<title>High</title>
		<link>plugin://plugin.video.f4mTester/?streamtype=TSDOWNLOADER&amp;url=http://ipsatpro.info:8080/live/190zih8du18vsyyf/190zih8du18vsyyf/1815.ts</link>
		</item>
</streaminginfo>
<streaminginfo>
        <cname>Zee TV HD (US)</cname>
		<item>
		<title>High</title>
		<link>plugin://plugin.video.f4mTester/?streamtype=TSDOWNLOADER&amp;url=http://ipsatpro.info:8080/live/190zih8du18vsyyf/190zih8du18vsyyf/1781.ts</link>
		</item>
</streaminginfo>

<!-- Indian Channels End -->

<!-- North AfricaChannels Start -->

<streaminginfo>
	<cname>218TV</cname>
	<item>
	<title>Low</title>
	<link>http://91.134.145.75/218tv/218tv/index.m3u8</link>
	</item>
</streaminginfo> 

<streaminginfo>
<cname>2M</cname>
<item>
<title>300</title>
<link>$doregex[url]|User-Agent=iPad</link>
<regex>
	<name>url</name>
	<expres>$pyFunction:'$doregex[jsonurl]'.replace('\/','/').replace('\u0026','&amp;')</expres>
	<page></page>
</regex>
<regex>
	<name>jsonurl</name>
	<expres>url":"(.*?)"</expres>
	<page>http://playtv.fr/player/play/2m-maroc/?bitrate=300&amp;format=hls&amp;language=ar</page>
	<referer>http://playtv.fr</referer>
</regex>
</item>
</streaminginfo>
<streaminginfo>
<cname>2M</cname>
<item>
<title>800</title>
<link>$doregex[url]|User-Agent=iPad</link>
<regex>
	<name>url</name>
	<expres>$pyFunction:'$doregex[jsonurl]'.replace('\/','/').replace('\u0026','&amp;')</expres>
	<page></page>
</regex>
<regex>
	<name>jsonurl</name>
	<expres>url":"(.*?)"</expres>
	<page>http://playtv.fr/player/play/2m-maroc/?bitrate=800&amp;format=hls&amp;language=ar</page>
	<referer>http://playtv.fr</referer>
</regex>
</item>
</streaminginfo>

<streaminginfo>
<cname>Al Hiwar Ettounsi</cname>
<item>
<title>You need Youtube Addon</title>
<link>plugin://plugin.video.youtube/play/?video_id=uRyXuR4sBOw</link>
</item>
</streaminginfo>

<streaminginfo>
	<cname>Al Janoubiya</cname>
	<item>
	<title>Med</title>
	<link>$doregex[geturl]</link>
	<regex>
    <name>geturl</name>
    <expres>window.flashvars.src = '(.*?)'</expres>
    <page>https://www.streaminghd.tn/live/Janoubia-TV</page>
    <cookieJar></cookieJar>
	</regex>
	</item>
</streaminginfo>

<streaminginfo>
	<cname>Al Magharibia</cname>
	<item>
	<title>Med</title>
	<link>$doregex[get-m3u8final]|Cookie=$get_cookies$&amp;User-Agent=AppleCoreMedia/1.0.0.11B554a (iPhone; U; CPU OS 7_0_4 like Mac OS X; en_gb)&amp;X-Playback-Session-Id=$GUID$</link>
	<regex>
	<name>get-m3u8final</name>
	<expres>(http.*?)\s</expres>
	<page>$doregex[get-m3u8]</page>
	<agent>AppleCoreMedia/1.0.0.11B554a (iPhone; U; CPU OS 7_0_4 like Mac OS X; en_gb)</agent>
	<cookieJar></cookieJar>

	</regex>
    <regex>
    <name>get-m3u8</name>
    <expres>$pyFunction:json.loads(page_data)['event']['stream_info']['m3u8_url']</expres>
    <page>$doregex[get-json]</page>
    </regex>    
    
	<regex>
	<name>get-json</name>
	<expres>config = ({.*})</expres>
	<page>http://livestream.com/accounts/7861901/events/4426115/player?width=560&amp;height=315&amp;autoPlay=true&amp;mute=false</page>
	<agent>AppleCoreMedia/1.0.0.11B554a (iPhone; U; CPU OS 7_0_4 like Mac OS X; en_gb)</agent>
	<cookieJar></cookieJar>
	</regex>
	</item>
</streaminginfo>

<streaminginfo>
	<cname>Al oula Maroc</cname>
	<item>
	<title>Low Corcas</title>
	<link>http://chkg.tdf-cdn.com/5958/01.m3u8</link>
	</item>
</streaminginfo>
<streaminginfo>
	<cname>Al oula Maroc</cname>
	<item>
	<title>High SVR2 Corcas</title>
	<link>http://chkg.tdf-cdn.com/5958/index.m3u8</link>
	</item>
</streaminginfo>
<streaminginfo>
	<cname>Al oula Maroc</cname>
	<item>
	<title>High SVR1 Corcas</title>
	<link>http://chkg.tdf-cdn.com/5958/02.m3u8</link>
	</item>
</streaminginfo>

<streaminginfo><cname>Al oula Maroc La3youn</cname><item><title>High</title><link>http://cdnamd-hls-globecast.akamaized.net/live/ramdisk/al_aoula_laayoune/hls_snrt/al_aoula_laayoune-video=1562800-audio_AACL_qad_130400_110=130400.m3u8</link></item></streaminginfo>

<streaminginfo>
<cname>AlGeria</cname>
<item>
<title>300</title>
<link>$doregex[url]|User-Agent=iPad</link>
<regex>
	<name>url</name>
	<expres>$pyFunction:'$doregex[jsonurl]'.replace('\/','/').replace('\u0026','&amp;')</expres>
	<page></page>
</regex>
<regex>
	<name>jsonurl</name>
	<expres>url":"(.*?)"</expres>
	<page>http://playtv.fr/player/play/canal-algerie/?bitrate=300&amp;format=hls&amp;language=fr</page>
	<referer>http://playtv.fr</referer>
</regex>
</item>
</streaminginfo>
<streaminginfo>
<cname>AlGeria</cname>
<item>
<title>800</title>
<link>$doregex[url]|User-Agent=iPad</link>
<regex>
	<name>url</name>
	<expres>$pyFunction:'$doregex[jsonurl]'.replace('\/','/').replace('\u0026','&amp;')</expres>
	<page></page>
</regex>
<regex>
	<name>jsonurl</name>
	<expres>url":"(.*?)"</expres>
	<page>http://playtv.fr/player/play/canal-algerie/?bitrate=800&amp;format=hls&amp;language=fr</page>
	<referer>http://playtv.fr</referer>
</regex>
</item>
</streaminginfo>

<streaminginfo>
	<cname>Arrabia</cname>
	<item>
	<title>Med</title>
	<link>http://cdnamd-hls-globecast.akamaized.net/live/ramdisk/arrabiaa/hls_snrt/index.m3u8</link>
	</item>
</streaminginfo> 

<streaminginfo>
	<cname>Ashorooq</cname>
	<item>
	<title>Med2</title>
	<link>http://cdnamd-hls-globecast.akamaized.net/live/ramdisk/arrabiaa/hls_snrt/arrabiaa-video=1562800-audio_AACL_qad_130400_110=130400.m3u8</link>
	</item>
</streaminginfo> 
<streaminginfo>
	<cname>Ashorooq</cname>
	<item>
	<title>Med</title>
	<link>rtmp://82.212.74.98:1935/live/?v=1525040486 playpath=7913 swfUrl=http://www.elahmad.com/tv/swf/player.swf?file=ashorooqtv_1&amp;autostart=true&amp;/[[DYNAMIC]]/2/[[DYNAMIC]]/3 pageUrl=http://www.elahmad.com/tv/ashorooqtv.php</link>
	</item>
</streaminginfo> 

<streaminginfo>
<cname>Beur</cname>
<item>
<title>800</title>
<link>$doregex[url]|User-Agent=iPad</link>
<regex>
	<name>url</name>
	<expres>$pyFunction:'$doregex[jsonurl]'.replace('\/','/').replace('\u0026','&amp;')</expres>
	<page></page>
</regex>
<regex>
	<name>jsonurl</name>
	<expres>url":"(.*?)"</expres>
	<page>http://playtv.fr/player/play/beur-tv/?bitrate=800&amp;format=hls&amp;language=fr</page>
	<referer>http://playtv.fr</referer>
</regex>
</item>
</streaminginfo>


		<streaminginfo>
		<cname>EnnaharTV algerie</cname>
		<item>
			<title>Med</title>
			<link>http://selevision9887-i.akamaihd.net/hls/live/219290/98874/1.m3u8?v=701008842</link>
		</item>
	</streaminginfo>

<streaminginfo>
	<cname>Hanibal</cname>
	<item>
	<title>Med</title>
	<link>$doregex[geturl]</link>
	<regex>
    <name>geturl</name>
    <expres>window.flashvars.src = '(.*?)'</expres>
    <page>https://www.streaminghd.tn/live/Hannibal-TV</page>
    <cookieJar></cookieJar>
	</regex>
	</item>
</streaminginfo>

<streaminginfo>
	<cname>Libya AlWataniya</cname>
	<item>
	<title>Med</title>
	<link>http://starmena.ercdn.net/libyaschannel/libyaschannel_480p.m3u8</link>
	</item>
</streaminginfo>

<streaminginfo>
<cname>Medi 1 Sat</cname>
<item>
<title>300</title>
<link>$doregex[url]|User-Agent=iPad</link>
<regex>
	<name>url</name>
	<expres>$pyFunction:'$doregex[jsonurl]'.replace('\/','/').replace('\u0026','&amp;')</expres>
	<page></page>
</regex>
<regex>
	<name>jsonurl</name>
	<expres>url":"(.*?)"</expres>
	<page>http://playtv.fr/player/play/medi-1-tv/?bitrate=300&amp;format=hls&amp;language=ar</page>
	<referer>http://playtv.fr</referer>
</regex>
</item>
</streaminginfo>
<streaminginfo>
<cname>Medi 1 Sat</cname>
<item>
<title>800</title>
<link>$doregex[url]|User-Agent=iPad</link>
<regex>
	<name>url</name>
	<expres>$pyFunction:'$doregex[jsonurl]'.replace('\/','/').replace('\u0026','&amp;')</expres>
	<page></page>
</regex>
<regex>
	<name>jsonurl</name>
	<expres>url":"(.*?)"</expres>
	<page>http://playtv.fr/player/play/medi-1-tv/?bitrate=800&amp;format=hls&amp;language=ar</page>
	<referer>http://playtv.fr</referer>
</regex>
</item>
</streaminginfo>

<streaminginfo>
<cname>Tamazigh Algeria</cname>
<item>
<title>800</title>
<link>$doregex[url]|User-Agent=iPad</link>
<regex>
	<name>url</name>
	<expres>$pyFunction:'$doregex[jsonurl]'.replace('\/','/').replace('\u0026','&amp;')</expres>
	<page></page>
</regex>
<regex>
	<name>jsonurl</name>
	<expres>url":"(.*?)"</expres>
	<page>http://playtv.fr/player/play/tamazight-tv-4/?bitrate=800&amp;format=hls&amp;language=ar</page>
	<referer>http://playtv.fr</referer>
</regex>
</item>
</streaminginfo>

<streaminginfo>
	<cname>Tounesna</cname>
	<item>
	<title>Med</title>
	<link>$doregex[geturl]</link>
	<regex>
    <name>geturl</name>
    <expres>window.flashvars.src = '(.*?)'</expres>
    <page>https://www.streaminghd.tn/live/Tunisna-TV</page>
    <cookieJar></cookieJar>
	</regex>
	</item>
</streaminginfo>
<streaminginfo>
	<cname>Tunisia national 1</cname>
	<item>
	<title>Med</title>
	<link>$doregex[geturl]</link>
	<regex>
    <name>geturl</name>
    <expres>window.flashvars.src = '(.*?)'</expres>
    <page>https://www.streaminghd.tn/live/Watania-1</page>
    <cookieJar></cookieJar>
	</regex>
	</item>
</streaminginfo>
<streaminginfo>
	<cname>Tunisia national 2</cname>
	<item>
	<title>Med</title>
	<link>$doregex[geturl]</link>
	<regex>
    <name>geturl</name>
    <expres>window.flashvars.src = '(.*?)'</expres>
    <page>https://www.streaminghd.tn/live/Watania-2</page>
    <cookieJar></cookieJar>
	</regex>
	</item>
</streaminginfo>

<streaminginfo><cname>Zaitouna</cname><item><title>wowzacontrol.com</title><link>http://wowzacontrol.com:1935/8088/8088/gmswf.m3u8</link></item></streaminginfo>

<streaminginfo>
	<cname>M Tunisia</cname>
	<item>
	<title>Med</title>
	<link>$doregex[geturl]</link>
	<regex>
    <name>geturl</name>
    <expres>window.flashvars.src = '(.*?)'</expres>
    <page>https://www.streaminghd.tn/live/MTunisia-TV</page>
    <cookieJar></cookieJar>
	</regex>
	</item>
</streaminginfo>

<!-- North AfricaChannels End -->

<!-- Kids Channels Start -->

<streaminginfo><cname>Ajyal</cname><item><title>SVR2</title><link>http://cmt-live.hls.adaptive.level3.net/hls-live/cmt-channel5/_definst_/live/stream1.m3u8?v=1356438483</link></item></streaminginfo>
<streaminginfo><cname>Ajyal</cname><item><title>SVR1</title><link>http://www.elahmad.com/tv/m3u8/sauditv.m3u8?id=ajyaltv</link></item></streaminginfo>
<streaminginfo><cname>Ajyal</cname><item><title>You need Youtube Addon</title><link>plugin://plugin.video.youtube/play/?video_id=dPgjrXpFpSs</link></item></streaminginfo>

<streaminginfo>
   <cname>Baraem</cname>
	<item>
	<title>Box</title>
	<link>plugin://plugin.video.f4mTester/?streamtype=TSDOWNLOADER&amp;url=http://camerta.com:8000/live/m2et002/m2et002/55.ts</link>
	</item>
</streaminginfo>

<streaminginfo>
	<cname>SM SM KIDS</cname>
	<item>
	<title>Med</title>
	<link>http://streaming.i-sat.tv:1935/live/semsem/playlist.m3u8</link>
	</item>
</streaminginfo> 
<!--
<streaminginfo>
	<cname>Tom and Jerry</cname>
	<item>
	<title>Source SD</title>
	<link>rtmp://208.53.180.242/ctv playpath=tom swfUrl=http://www.canaistv.net/player.swf pageUrl=http://www.canaistv.net/tvamigos/two.html live=1</link>
	</item>	
</streaminginfo> <streaminginfo>
	<cname>Tom and Jerry</cname>
	<item>
	<title>med</title>
	<link>rtmp://208.53.164.194/ctv playpath=tom swfUrl=http://www.carolineoliveira.com.br/swf/player.swf?file=tom.flv&amp;type=rtmp&amp;streamer=rtmp://206.190.132.244/tvamigos/&amp;autostart=true&amp;bufferlength=1&amp;stretching=exactfit&amp;controlbar=over pageUrl=http://www.carolineoliveira.com.br/swf/player.swf?file=tom.flv&amp;type=rtmp&amp;streamer=rtmp://206.190.132.244/tvamigos/&amp;autostart=true&amp;bufferlength=1&amp;stretching=exactfit&amp;controlbar=over</link>
	</item>
</streaminginfo> 

<streaminginfo>
	<cname>Tom and Jerry</cname>
	<item>
	<title>Source SD</title>
	<link>plugin://plugin.video.f4mTester/?streamtype=TSDOWNLOADER&amp;url=http://lucky.lts1.net:23000/live/RovofGX7r6/WUkqv3GKTr/21102.ts</link>
	</item>	
</streaminginfo>
-->
<streaminginfo>
<cname>Tom and Jerry</cname>
  <item>
  <title>You need Youtube Addon</title>
  <link>plugin://plugin.video.youtube/play/?video_id=4jz2cqHZtFM</link>
   </item>
</streaminginfo>

<streaminginfo>
	<cname>OSN Movies Kids</cname>
	<item>
	<title>Amiin: High</title>
	<link>plugin://plugin.video.f4mTester/?streamtype=TSDOWNLOADER&amp;url=http://iptv.re:80/live/lamine/lamine/514.ts</link>
	</item>
</streaminginfo>


</streamingInfos>