<streaminginfos>
<streaminginfo><cname>Al mayaden</cname><url>1001</url></streaminginfo>

<streaminginfo><cname>Al Anwar 2</cname><url>1002</url></streaminginfo>
<streaminginfo><cname>New channel islamic</cname><url>1003</url></streaminginfo>
<streaminginfo><cname>TNN</cname><url>1004</url></streaminginfo>
<streaminginfo><cname>Al Eshraq</cname><url>1005</url></streaminginfo>
<streaminginfo><cname>alnabaa</cname><url>1006</url></streaminginfo>
<streaminginfo><cname>Bedaya</cname><url>1007</url></streaminginfo>
<streaminginfo><cname>New channel islamic</cname><url>1008</url></streaminginfo>
<streaminginfo><cname>Velayat</cname><url>1009</url></streaminginfo>
<streaminginfo><cname>New Channel islamic</cname><url>1010</url></streaminginfo>

<streaminginfo><cname>Ibnothaimeentv</cname><url>1011</url></streaminginfo>
<streaminginfo><cname>Safa</cname><url>1012</url></streaminginfo>
<streaminginfo><cname>New channels kurdistan</cname><url>1013</url></streaminginfo>
<streaminginfo><cname>Future TV</cname><url>1014</url></streaminginfo>
<streaminginfo><cname>Alsaha3</cname><url>1015</url></streaminginfo>
<streaminginfo><cname>ABC Cinema</cname><url>1016</url></streaminginfo>
<streaminginfo><cname>alkass</cname><url>1017</url></streaminginfo>
<streaminginfo><cname>alkass</cname><url>1018</url></streaminginfo>
<streaminginfo><cname>AL Seha Waljamal</cname><url>1019</url></streaminginfo>
<streaminginfo><cname>LBC</cname><url>1020</url></streaminginfo>

<streaminginfo><cname>Alqithara</cname><url>1021</url></streaminginfo>
<streaminginfo><cname>Cairo Drama</cname><url>1022</url></streaminginfo>
<streaminginfo><cname>Cairo Cinema</cname><url>1023</url></streaminginfo>
<streaminginfo><cname>Tunisia national 2</cname><url>1024</url></streaminginfo>
<streaminginfo><cname>Tunisia national 1</cname><url>1025</url></streaminginfo>
<streaminginfo><cname>New channels kurdistan</cname><url>1026</url></streaminginfo>
<streaminginfo><cname>Massaya</cname><url>1027</url></streaminginfo>
<streaminginfo><cname>Alasr</cname><url>1028</url></streaminginfo>
<streaminginfo><cname>Zagros</cname><url>1029</url></streaminginfo>
<streaminginfo><cname>Miracle</cname><url>1030</url></streaminginfo>

<streaminginfo><cname>CNA</cname><url>1031</url></streaminginfo>
<streaminginfo><cname>Libya</cname><url>1032</url></streaminginfo>
<streaminginfo><cname>Aghapy</cname><url>1033</url></streaminginfo>
<streaminginfo><cname>Al Magharibia</cname><url>1034</url></streaminginfo>
<streaminginfo><cname>Panorama Comedy</cname><url>1035</url></streaminginfo>
<streaminginfo><cname>Coptic_Christian</cname><url>1036</url></streaminginfo>
<streaminginfo><cname>NoursatAlShabab</cname><url>1037</url></streaminginfo>
<streaminginfo><cname>Time Film</cname><url>1038</url></streaminginfo>
<streaminginfo><cname>Maghreb24</cname><url>1039</url></streaminginfo>

<streaminginfo><cname>Zweina Bladna</cname><url>1040</url></streaminginfo>
<streaminginfo><cname>Time Taxi</cname><url>1041</url></streaminginfo>
<streaminginfo><cname>Melody Classic</cname><url>1042</url></streaminginfo>
<streaminginfo><cname>Cinema Pro</cname><url>1043</url></streaminginfo>
<streaminginfo><cname>GK</cname><url>1044</url></streaminginfo>
<streaminginfo><cname>Russia Alyaum</cname><url>1045</url></streaminginfo>
<streaminginfo><cname>Al Rasheed</cname><url>1046</url></streaminginfo>
<streaminginfo><cname>Maannews</cname><url>1047</url></streaminginfo>
<streaminginfo><cname>OTV Lebanon</cname><url>1048</url></streaminginfo>
<streaminginfo><cname>KNN</cname><url>1049</url></streaminginfo>

<streaminginfo><cname>Al Sharqiya News</cname><url>1050</url></streaminginfo>
<streaminginfo><cname>New Channel islamic</cname><url>1051</url></streaminginfo>
<streaminginfo><cname>Rudaw</cname><url>1052</url></streaminginfo>
<streaminginfo><cname>Naynawa Alghad</cname><url>1053</url></streaminginfo>
<streaminginfo><cname>Samarra</cname><url>1054</url></streaminginfo>
<streaminginfo><cname>Tounesna</cname><url>1055</url></streaminginfo>
<streaminginfo><cname>Alitihad</cname><url>1056</url></streaminginfo>
<streaminginfo><cname>Al Moustakilla</cname><url>1057</url></streaminginfo>
<streaminginfo><cname>Syria Nour</cname><url>1058</url></streaminginfo>
<streaminginfo><cname>TRT Arabic</cname><url>1059</url></streaminginfo>

<streaminginfo><cname>AlWatan Algerie</cname><url>1060</url></streaminginfo>
<streaminginfo><cname>Syria Drama</cname><url>1061</url></streaminginfo>
<streaminginfo><cname>Al sahraa</cname><url>1062</url></streaminginfo>
<streaminginfo><cname>Syria Sedu</cname><url>1063</url></streaminginfo>
<streaminginfo><cname>AlHayat Tawazon</cname><url>1064</url></streaminginfo>
<streaminginfo><cname>Jordan Sport</cname><url>1065</url></streaminginfo>
<streaminginfo><cname>Royal Edhak</cname><url>1066</url></streaminginfo>
<streaminginfo><cname>Royal Albadawiya</cname><url>1067</url></streaminginfo>
<streaminginfo><cname>Tamazigh Algeria</cname><url>1068</url></streaminginfo>
<streaminginfo><cname>Royal Secrets</cname><url>1069</url></streaminginfo>
<streaminginfo><cname>AlBabeleyia</cname><url>1070</url></streaminginfo>

<streaminginfo><cname>MBC PRO SP3</cname><url>1071</url></streaminginfo>
<streaminginfo><cname>Coran</cname><url>1072</url></streaminginfo>
<streaminginfo><cname>New Channel islamic</cname><url>1073</url></streaminginfo>
<streaminginfo><cname>LPC</cname><url>1074</url></streaminginfo>
<streaminginfo><cname>Al AHLY</cname><url>1075</url></streaminginfo>
<streaminginfo><cname>Addounia</cname><url>1076</url></streaminginfo>
<streaminginfo><cname>New Channel Kirkuk</cname><url>1077</url></streaminginfo>
<streaminginfo><cname>Palestine AlYawm</cname><url>1078</url></streaminginfo>
<streaminginfo><cname>Aljazeera</cname><url>1079</url></streaminginfo>

<streaminginfo><cname>Aljazeera Mubasher</cname><url>1080</url></streaminginfo>
<streaminginfo><cname>Aljazeera En</cname><url>1081</url></streaminginfo>
<streaminginfo><cname>Aljazeera Doc</cname><url>1082</url></streaminginfo>
<streaminginfo><cname>Qatar</cname><url>1083</url></streaminginfo>
<streaminginfo><cname>Aljazeera Mubasher</cname><url>1084</url></streaminginfo>
<streaminginfo><cname>Aljazeera US</cname><url>1085</url></streaminginfo>
<streaminginfo><cname>Al Rafidain</cname><url>1086</url></streaminginfo>
<streaminginfo><cname>Al Alam</cname><url>1087</url></streaminginfo>
<streaminginfo><cname>Melody</cname><url>1088</url></streaminginfo>
<streaminginfo><cname>MBC PRO SP4</cname><url>1089</url></streaminginfo>

<streaminginfo><cname>Alkarama_Christian</cname><url>1090</url></streaminginfo>
<streaminginfo><cname>Alahad</cname><url>1091</url></streaminginfo>
<streaminginfo><cname>Darbaka Cinema</cname><url>1092</url></streaminginfo>
<streaminginfo><cname>New Channel Islam</cname><url>1093</url></streaminginfo>
<streaminginfo><cname>Panorama Cinema</cname><url>1094</url></streaminginfo>

<streaminginfo><cname>Basra</cname><url>1095</url></streaminginfo>
<streaminginfo><cname>Moga Cinema</cname><url>1096</url></streaminginfo>
<streaminginfo><cname>Wasat Albalad</cname><url>1097</url></streaminginfo>
<streaminginfo><cname>Masr Alarab</cname><url>1098</url></streaminginfo>
<streaminginfo><cname>Alkhalij</cname><url>1099</url></streaminginfo>

<streaminginfo><cname>Dolly Cinema</cname><url>1100</url></streaminginfo>
<streaminginfo><cname>Hollywood Cinema</cname><url>1101</url></streaminginfo>
<streaminginfo><cname>Oscar Comedy</cname><url>1102</url></streaminginfo>

<streaminginfo><cname>Oscar Drama</cname><url>1103</url></streaminginfo>
<streaminginfo><cname>Layali Cinema</cname><url>1104</url></streaminginfo>
<streaminginfo><cname>Cairo Zaman</cname><url>1105</url></streaminginfo>
<streaminginfo><cname>Cairo One</cname><url>1106</url></streaminginfo>
<streaminginfo><cname>Samarra</cname><url>1107</url></streaminginfo>
<streaminginfo><cname>Time Action</cname><url>1108</url></streaminginfo>
<streaminginfo><cname>Sawt Masr</cname><url>1109</url></streaminginfo>
<streaminginfo><cname>NRT</cname><url>1110</url></streaminginfo>
<streaminginfo><cname>NRT2</cname><url>1111</url></streaminginfo>
<streaminginfo><cname>Ishtar</cname><url>1112</url></streaminginfo>
<streaminginfo><cname>Kidzinia</cname><url>1113</url></streaminginfo>
<streaminginfo><cname>Time Drama</cname><url>1114</url></streaminginfo>
<streaminginfo><cname>Amjad</cname><url>1115</url></streaminginfo>
<streaminginfo><cname>New Channel Iraq Naharda</cname><url>1116</url></streaminginfo>
<streaminginfo><cname>Zaitouna</cname><url>1117</url></streaminginfo>
<streaminginfo><cname>Libya Altoratiya</cname><url>1118</url></streaminginfo>
<streaminginfo><cname>Imam Hussein 2</cname><url>1119</url></streaminginfo>
<streaminginfo><cname>Al Fayhaa</cname><url>1120</url></streaminginfo>
<streaminginfo><cname>Panorama Film</cname><url>1121</url></streaminginfo>
<streaminginfo><cname>Alfaraeena</cname><url>1122</url></streaminginfo>
<streaminginfo><cname>Al Dafra</cname><url>1123</url></streaminginfo>
<streaminginfo><cname>AlKahera</cname><url>1124</url></streaminginfo>
<streaminginfo><cname>AlKahera</cname><url>1125</url></streaminginfo>
<streaminginfo><cname>Yemen Alyawm</cname><url>1126</url></streaminginfo>
<streaminginfo><cname>SahraTV</cname><url>1127</url></streaminginfo>
<streaminginfo><cname>ElMoled</cname><url>1128</url></streaminginfo>
<streaminginfo><cname>Syria Talaqie</cname><url>1129</url></streaminginfo>

<streaminginfo><cname>Yemen Shabab</cname><url>1130</url></streaminginfo>
<streaminginfo><cname>Tobacts</cname><url>1131</url></streaminginfo>
<streaminginfo><cname>Beirut Cinema</cname><url>1132</url></streaminginfo>
<streaminginfo><cname>Albait Baitak Cinema</cname><url>1133</url></streaminginfo>
<streaminginfo><cname>Time Cinema</cname><url>1134</url></streaminginfo>
<streaminginfo><cname>MESat</cname><url>1135</url></streaminginfo>
<streaminginfo><cname>Mody Kids</cname><url>1136</url></streaminginfo>
<streaminginfo><cname>Rotana Music</cname><url>1137</url></streaminginfo>
<streaminginfo><cname>Rotana Clip</cname><url>1138</url></streaminginfo>
<streaminginfo><cname>Fox</cname><url>1139</url></streaminginfo>
<streaminginfo><cname>Rotana Khaligi</cname><url>1140</url></streaminginfo>
<streaminginfo><cname>Rotana Classic</cname><url>1141</url></streaminginfo>
<streaminginfo><cname>Rotana Masriya</cname><url>1142</url></streaminginfo>
<streaminginfo><cname>Rotana Cinema</cname><url>1143</url></streaminginfo>
<streaminginfo><cname>Fox Movies</cname><url>1144</url></streaminginfo>
<streaminginfo><cname>Rotana Cinema</cname><url>1145</url></streaminginfo>
<streaminginfo><cname>Al-Resalah</cname><url>1146</url></streaminginfo>
<streaminginfo><cname>Karameesh</cname><url>1147</url></streaminginfo>
<streaminginfo><cname>Taha</cname><url>1148</url></streaminginfo>
<streaminginfo><cname>4Shbab</cname><url>1149</url></streaminginfo>
<streaminginfo><cname>Toyor Al Janah</cname><url>1150</url></streaminginfo>
<streaminginfo><cname>Al Maaref</cname><url>1151</url></streaminginfo>
<streaminginfo><cname>Alqudis</cname><url>1152</url></streaminginfo>
<streaminginfo><cname>Al Shaab</cname><url>1153</url></streaminginfo>
<streaminginfo><cname>Al Masar</cname><url>1154</url></streaminginfo>
<streaminginfo><cname>4Shbab</cname><url>1155</url></streaminginfo>
<streaminginfo><cname>Noon Kids</cname><url>1156</url></streaminginfo>
<streaminginfo><cname>Telvza TV</cname><url>1157</url></streaminginfo>
<streaminginfo><cname>Aldanah</cname><url>1158</url></streaminginfo>
<streaminginfo><cname>ANB</cname><url>1160</url></streaminginfo>
<streaminginfo><cname>Al Nahar Alyoum</cname><url>1161</url></streaminginfo>
<streaminginfo><cname>Al Nahar 2</cname><url>1162</url></streaminginfo>
<streaminginfo><cname>Palestine</cname><url>1163</url></streaminginfo>
<streaminginfo><cname>Azhari</cname><url>1164</url></streaminginfo>
<streaminginfo><cname>Libya Awalan</cname><url>1165</url></streaminginfo>
<streaminginfo><cname>Sada Al Balad Drama</cname><url>1166</url></streaminginfo>
<streaminginfo><cname>7Stars</cname><url>1167</url></streaminginfo>
<streaminginfo><cname>Ten</cname><url>1168</url></streaminginfo>
<streaminginfo><cname>New Channel islamic Alahwaz</cname><url>1169</url></streaminginfo>
<streaminginfo><cname>Al Nahar</cname><url>1170</url></streaminginfo>
<streaminginfo><cname>Al Nahar Drama</cname><url>1171</url></streaminginfo>
<streaminginfo><cname>CBC Drama</cname><url>1172</url></streaminginfo>
<streaminginfo><cname>CBC</cname><url>1173</url></streaminginfo>
<streaminginfo><cname>CBC Extra</cname><url>1174</url></streaminginfo>
<streaminginfo><cname>CBC Sofra</cname><url>1175</url></streaminginfo>
<streaminginfo><cname>Egypt 2</cname><url>1176</url></streaminginfo>
<streaminginfo><cname>Dubai One</cname><url>1177</url></streaminginfo>
<streaminginfo><cname>Dubai Sport 1</cname><url>1178</url></streaminginfo>
<streaminginfo><cname>Sama Dubai</cname><url>1179</url></streaminginfo>
<streaminginfo><cname>Dubai</cname><url>1180</url></streaminginfo>
<streaminginfo><cname>Sharjah</cname><url>1181</url></streaminginfo>
<streaminginfo><cname>Spacetoon</cname><url>1182</url></streaminginfo>
<streaminginfo><cname>Belody Cinema</cname><url>1183</url></streaminginfo>
<streaminginfo><cname>CNBC Arabic</cname><url>1184</url></streaminginfo>
<streaminginfo><cname>Al Sharqiya</cname><url>1185</url></streaminginfo>
<streaminginfo><cname>Dubai Racing</cname><url>1186</url></streaminginfo>
<streaminginfo><cname>Kurdistan</cname><url>1187</url></streaminginfo>
<streaminginfo><cname>AlMasrawia</cname><url>1188</url></streaminginfo>
<streaminginfo><cname>Star 1 Cinema</cname><url>1189</url></streaminginfo>
<streaminginfo><cname>Star 2 Cinema</cname><url>1190</url></streaminginfo>
<streaminginfo><cname>Time Comedy</cname><url>1191</url></streaminginfo>
<streaminginfo><cname>Aljazeera Children</cname><url>1192</url></streaminginfo>
<streaminginfo><cname>Baraem</cname><url>1193</url></streaminginfo>
<streaminginfo><cname>ERI.TV</cname><url>1194</url></streaminginfo>
<streaminginfo><cname>Sudan TV</cname><url>1195</url></streaminginfo>
<streaminginfo><cname>AlQahera W Elnas</cname><url>1196</url></streaminginfo>
<streaminginfo><cname>Al-hurra Iraq</cname><url>1197</url></streaminginfo>

 
<streaminginfo><cname>Egypt 1</cname><url>1198</url></streaminginfo>
<streaminginfo><cname>Al Masriyah</cname><url>1199</url></streaminginfo>
<streaminginfo><cname>Ashorooq</cname><url>1200</url></streaminginfo>


<streaminginfo><cname>alrai</cname><url>1201</url></streaminginfo>
<streaminginfo><cname>BBC</cname><url>1202</url></streaminginfo>
<streaminginfo><cname>Libya Alwataniya</cname><url>1203</url></streaminginfo>
<streaminginfo><cname>New Channel kurdish</cname><url>1204</url></streaminginfo>

<streaminginfo><cname>LDC</cname><url>1205</url></streaminginfo>
<streaminginfo><cname>Unrwa</cname><url>1206</url></streaminginfo>
<streaminginfo><cname>Syria</cname><url>1207</url></streaminginfo>
<streaminginfo><cname>iFilm Arabic</cname><url>1208</url></streaminginfo>
<streaminginfo><cname>Ifilm English</cname><url>1209</url></streaminginfo>
<streaminginfo><cname>Al Forat</cname><url>1210</url></streaminginfo>
<streaminginfo><cname>Al-Hurria</cname><url>1211</url></streaminginfo>
<streaminginfo><cname>Palestine</cname><url>1212</url></streaminginfo>
<streaminginfo><cname>Al Maghribia</cname><url>1213</url></streaminginfo>
<streaminginfo><cname>MBC Masr 2</cname><url>1214</url></streaminginfo>
<streaminginfo><cname>Mehwar</cname><url>1215</url></streaminginfo>
<streaminginfo><cname>KTV SPORT</cname><url>1216</url></streaminginfo>
<streaminginfo><cname>Sada Al Balad</cname><url>1217</url></streaminginfo>
<streaminginfo><cname>Abu Dhabi Emirates</cname><url>1218</url></streaminginfo>
<streaminginfo><cname>Alsaha2</cname><url>1219</url></streaminginfo>
<streaminginfo><cname>Nile Family</cname><url>1220</url></streaminginfo>
<streaminginfo><cname>Nile News</cname><url>1221</url></streaminginfo>
<streaminginfo><cname>Nile Comedy</cname><url>1222</url></streaminginfo>
<streaminginfo><cname>Nile Life</cname><url>1223</url></streaminginfo>
<streaminginfo><cname>Nile Drama</cname><url>1224</url></streaminginfo>
<streaminginfo><cname>Nile Sport</cname><url>1225</url></streaminginfo>

<streaminginfo><cname>Nile Culture</cname><url>1226</url></streaminginfo>
<streaminginfo><cname>Nile Cinema</cname><url>1227</url></streaminginfo>
<streaminginfo><cname>SM SM KIDS</cname><url>1228</url></streaminginfo>
<streaminginfo><cname>Funoon</cname><url>1229</url></streaminginfo>
<streaminginfo><cname>Dream 2</cname><url>1230</url></streaminginfo>
<streaminginfo><cname>Almajd</cname><url>1231</url></streaminginfo>
<streaminginfo><cname>Dream 1</cname><url>1232</url></streaminginfo>
<streaminginfo><cname>Kuwait</cname><url>1233</url></streaminginfo>
<streaminginfo><cname>TV5 Monde Orient</cname><url>1234</url></streaminginfo>
<streaminginfo><cname>DW Arabic</cname><url>1236</url></streaminginfo>
<streaminginfo><cname>Mazzika</cname><url>1237</url></streaminginfo>
<streaminginfo><cname>alsaeedah</cname><url>1238</url></streaminginfo>
<streaminginfo><cname>Mazzika Zoom</cname><url>1239</url></streaminginfo>
<streaminginfo><cname>Orient News</cname><url>1240</url></streaminginfo>
<streaminginfo><cname>Roya</cname><url>1241</url></streaminginfo>
<streaminginfo><cname>Baghdad</cname><url>1242</url></streaminginfo>
<streaminginfo><cname>Al Baghdadia</cname><url>1243</url></streaminginfo>
<streaminginfo><cname>MBC 1</cname><url>1244</url></streaminginfo>
<streaminginfo><cname>MBC 4</cname><url>1245</url></streaminginfo>
<streaminginfo><cname>MBC 2</cname><url>1246</url></streaminginfo>
<streaminginfo><cname>MBC 3</cname><url>1247</url></streaminginfo>
<streaminginfo><cname>MBC Drama</cname><url>1248</url></streaminginfo>
<streaminginfo><cname>Wanasah</cname><url>1249</url></streaminginfo>
<streaminginfo><cname>Abu Dhabi</cname><url>1250</url></streaminginfo>
<streaminginfo><cname>Zee Aflam</cname><url>1251</url></streaminginfo>
<streaminginfo><cname>MBC Action</cname><url>1252</url></streaminginfo>
<streaminginfo><cname>MBC Bollywood</cname><url>1253</url></streaminginfo>
<streaminginfo><cname>MBC Max</cname><url>1254</url></streaminginfo>
<streaminginfo><cname>Alan</cname><url>1255</url></streaminginfo>
<streaminginfo><cname>Echorouk Tv</cname><url>1256</url></streaminginfo>
<streaminginfo><cname>Dzair News</cname><url>1257</url></streaminginfo>
<streaminginfo><cname>New Media</cname><url>1258</url></streaminginfo>
<streaminginfo><cname>Elheddaf</cname><url>1259</url></streaminginfo>
<streaminginfo><cname>First TV</cname><url>1260</url></streaminginfo>
<streaminginfo><cname>CNN</cname><url>1261</url></streaminginfo>
<streaminginfo><cname>France 24 EN</cname><url>1262</url></streaminginfo>
<streaminginfo><cname>SkyNewsArabia</cname><url>1263</url></streaminginfo>
<streaminginfo><cname>City7</cname><url>1264</url></streaminginfo>
<streaminginfo><cname>Sharjah Sport</cname><url>1265</url></streaminginfo>
<streaminginfo><cname>Alnagaf</cname><url>1266</url></streaminginfo>
<streaminginfo><cname>Medi 1 Sat</cname><url>1267</url></streaminginfo>
<streaminginfo><cname>MBC Masr</cname><url>1268</url></streaminginfo>
<streaminginfo><cname>2M</cname><url>1269</url></streaminginfo>
<streaminginfo><cname>Alhayat2</cname><url>1270</url></streaminginfo>
<streaminginfo><cname>Euro News Arabic</cname><url>1271</url></streaminginfo>
<streaminginfo><cname>Iqra</cname><url>1272</url></streaminginfo>
<streaminginfo><cname>Cima</cname><url>1273</url></streaminginfo>
<streaminginfo><cname>Jordan</cname><url>1274</url></streaminginfo>
<streaminginfo><cname>Blue Nile</cname><url>1275</url></streaminginfo>
<streaminginfo><cname>New Channels Radio Dabanga</cname><url>1276</url></streaminginfo>
<streaminginfo><cname>Al Azhar</cname><url>1277</url></streaminginfo>
<streaminginfo><cname>On TV</cname><url>1278</url></streaminginfo>
<streaminginfo><cname>Almajd</cname><url>1279</url></streaminginfo>
<streaminginfo><cname>Hanibal</cname><url>1280</url></streaminginfo>
<streaminginfo><cname>Oman</cname><url>1281</url></streaminginfo>
<streaminginfo><cname>Oman Sport</cname><url>1282</url></streaminginfo>
<streaminginfo><cname>Arabica Music</cname><url>1283</url></streaminginfo>
<streaminginfo><cname>NBN</cname><url>1284</url></streaminginfo>
<streaminginfo><cname>Aljadeed</cname><url>1285</url></streaminginfo>
<streaminginfo><cname>Al mayaden</cname><url>1286</url></streaminginfo>
<streaminginfo><cname>MTV</cname><url>1287</url></streaminginfo>
<streaminginfo><cname>Al Sumaria</cname><url>1288</url></streaminginfo>
<streaminginfo><cname>Heya</cname><url>1289</url></streaminginfo>
<streaminginfo><cname>Quran TV ksa</cname><url>1290</url></streaminginfo>
<streaminginfo><cname>KSA 2</cname><url>1291</url></streaminginfo>
<streaminginfo><cname>Saudia Sport</cname><url>1292</url></streaminginfo>
<streaminginfo><cname>KSA News</cname><url>1293</url></streaminginfo>
<streaminginfo><cname>Ajyal</cname><url>1294</url></streaminginfo>
<streaminginfo><cname>alrayan</cname><url>1295</url></streaminginfo>
<streaminginfo><cname>Sada Al Balad2</cname><url>1296</url></streaminginfo>
<streaminginfo><cname>Alarabiya</cname><url>1297</url></streaminginfo>
<streaminginfo><cname>Alarabiya Ahdasl</cname><url>1298</url></streaminginfo>
<streaminginfo><cname>BBC Arabic</cname><url>1299</url></streaminginfo>
<streaminginfo><cname>Alhayat 1</cname><url>1300</url></streaminginfo>
<streaminginfo><cname>France 24</cname><url>1301</url></streaminginfo>
<streaminginfo><cname>France 24</cname><url>1301</url></streaminginfo>
<streaminginfo><cname>Fujairah</cname><url>1302</url></streaminginfo>
<streaminginfo><cname>Lana</cname><url>1303</url></streaminginfo>
<streaminginfo><cname>Al oula Maroc</cname><url>1304</url></streaminginfo>
<streaminginfo><cname>Algeria 3</cname><url>1305</url></streaminginfo>
<streaminginfo><cname>Nessma</cname><url>1306</url></streaminginfo>
<streaminginfo><cname>Ajman</cname><url>1307</url></streaminginfo>
<streaminginfo><cname>Nour Dubai</cname><url>1308</url></streaminginfo>
<streaminginfo><cname>GearOne</cname><url>1309</url></streaminginfo>
<streaminginfo><cname>Baynouna</cname><url>1310</url></streaminginfo>
<streaminginfo><cname>Abu Dhabi Drama</cname><url>1311</url></streaminginfo>
<streaminginfo><cname>Abu Dhabi Sports 1</cname><url>1312</url></streaminginfo>
<streaminginfo><cname>Abu Dhabi Sports 2</cname><url>1313</url></streaminginfo>
<streaminginfo><cname>National Geo Ad</cname><url>1314</url></streaminginfo>
<streaminginfo><cname>Dubai Sport 1</cname><url>1315</url></streaminginfo>
<streaminginfo><cname>MBC PRO SP1</cname><url>1316</url></streaminginfo>
<streaminginfo><cname>MBC PRO SP2</cname><url>1317</url></streaminginfo>
<streaminginfo><cname>Panorama Food</cname><url>1318</url></streaminginfo>
<streaminginfo><cname>Panorama Drama 2</cname><url>1319</url></streaminginfo>
<streaminginfo><cname>AL AHLY</cname><url>1320</url></streaminginfo>
<streaminginfo><cname>RAK</cname><url>1321</url></streaminginfo>
<streaminginfo><cname>Fatafeat</cname><url>1322</url></streaminginfo>
<streaminginfo><cname>Imagines Movies</cname><url>1323</url></streaminginfo>
<streaminginfo><cname>EnnaharTV algerie</cname><url>1324</url></streaminginfo>
<streaminginfo><cname>Aden</cname><url>1325</url></streaminginfo>
<streaminginfo><cname>Black screen</cname><url>1326</url></streaminginfo>
<streaminginfo><cname>Black screen</cname><url>1327</url></streaminginfo>
<streaminginfo><cname>Fezzan</cname><url>1328</url></streaminginfo>
<streaminginfo><cname>New Channel Turky</cname><url>1329</url></streaminginfo>
<streaminginfo><cname>Al Iraqiya Sport</cname><url>1330</url></streaminginfo>
<streaminginfo><cname>Moga Comedy</cname><url>1331</url></streaminginfo>
<streaminginfo><cname>ONTV Live</cname><url>1332</url></streaminginfo>
<streaminginfo><cname>Al Taghier</cname><url>1333</url></streaminginfo>

<streaminginfo><cname>Al Etejah</cname><url>1334</url></streaminginfo>
<streaminginfo><cname>Cartoon Network</cname><url>1335</url></streaminginfo>
<streaminginfo><cname>Zee Alwan</cname><url>1336</url></streaminginfo>
<streaminginfo><cname>Zee Living</cname><url>1337</url></streaminginfo>
<streaminginfo><cname>B4U Aflam</cname><url>1338</url></streaminginfo>
<streaminginfo><cname>B4U Plus</cname><url>1339</url></streaminginfo>
<streaminginfo><cname>Aliraqiya</cname><url>1340</url></streaminginfo>

<streaminginfo><cname>Alanab Iraq New channel</cname><url>1341</url></streaminginfo>
<streaminginfo><cname>Alhayat series</cname><url>1342</url></streaminginfo>
<streaminginfo><cname>Al Nahar Sport</cname><url>1343</url></streaminginfo>
<streaminginfo><cname>New channels tuky</cname><url>1344</url></streaminginfo>
<streaminginfo><cname>Karbala</cname><url>1345</url></streaminginfo>
<streaminginfo><cname>Habashiya Cima</cname><url>1346</url></streaminginfo>
<streaminginfo><cname>New channel ilamic</cname><url>1347</url></streaminginfo>
<streaminginfo><cname>Aliraqiya</cname><url>1348</url></streaminginfo>
<streaminginfo><cname>Coran Time</cname><url>1349</url></streaminginfo>
<streaminginfo><cname>Koky Kids</cname><url>1350</url></streaminginfo>
</streaminginfos>
