<streamingInfos>

<!-- Italy Channels Start -->

<streaminginfo>
	<cname>Rai 1</cname>
	<item>
	<title>High</title>
	<link>plugin://plugin.video.f4mTester/?streamtype=TSDOWNLOADER&amp;url=http://ipsatpro.info:8080/live/190zih8du18vsyyf/190zih8du18vsyyf/693.ts</link>
	</item>
</streaminginfo>

<streaminginfo>
	<cname>Rai 2</cname>
	<item>
	<title>High</title>
	<link>plugin://plugin.video.f4mTester/?streamtype=TSDOWNLOADER&amp;url=http://ipsatpro.info:8080/live/190zih8du18vsyyf/190zih8du18vsyyf/692.ts</link>
	</item>
</streaminginfo>

<streaminginfo>
	<cname>Rai 3</cname>
	<item>
	<title>High</title>
	<link>plugin://plugin.video.f4mTester/?streamtype=TSDOWNLOADER&amp;url=http://ipsatpro.info:8080/live/190zih8du18vsyyf/190zih8du18vsyyf/691.ts</link>
	</item>
</streaminginfo>

<streaminginfo>
	<cname>Rai 4</cname>
	<item>
	<title>High</title>
	<link>plugin://plugin.video.f4mTester/?streamtype=TSDOWNLOADER&amp;url=http://ipsatpro.info:8080/live/190zih8du18vsyyf/190zih8du18vsyyf/690.ts</link>
	</item>
</streaminginfo>

<streaminginfo>
	<cname>Rai 5</cname>
	<item>
	<title>High</title>
	<link>plugin://plugin.video.f4mTester/?streamtype=TSDOWNLOADER&amp;url=http://ipsatpro.info:8080/live/190zih8du18vsyyf/190zih8du18vsyyf/563.ts</link>
	</item>
</streaminginfo>
<streaminginfo>
	<cname>Rai 5</cname>
	<item>
	<title>High</title>
	<link>http://b2.stream12.rai.it/live/rai5.smil/chunklist_b1200000.m3u8</link>
	</item>
</streaminginfo>

<streaminginfo>
	<cname>Rai Movie</cname>
	<item>
	<title>High 2</title>
	<link>plugin://plugin.video.f4mTester/?streamtype=TSDOWNLOADER&amp;url=http://ipsatpro.info:8080/live/190zih8du18vsyyf/190zih8du18vsyyf/584.ts</link>
	</item>
</streaminginfo>
<streaminginfo>
	<cname>Rai Movie</cname>
	<item>
	<title>High</title>
	<link>http://b2everyrai-lh.akamaihd.net/i/raimovie_1@67348/master.m3u8</link>
	</item>
</streaminginfo>

<streaminginfo>
	<cname>Canale 5</cname>
	<item>
	<title>High</title>
	<link>plugin://plugin.video.f4mTester/?streamtype=TSDOWNLOADER&amp;url=http://ipsatpro.info:8080/live/190zih8du18vsyyf/190zih8du18vsyyf/686.ts</link>
	</item>
</streaminginfo>

<streaminginfo>
	<cname>Italia 1</cname>
	<item>
	<title>High</title>
	<link>plugin://plugin.video.f4mTester/?streamtype=TSDOWNLOADER&amp;url=http://ipsatpro.info:8080/live/190zih8du18vsyyf/190zih8du18vsyyf/685.ts</link>
	</item>
</streaminginfo>

<streaminginfo>
	<cname>Rete 4</cname>
	<item>
	<title>High</title>
	<link>plugin://plugin.video.f4mTester/?streamtype=TSDOWNLOADER&amp;url=http://ipsatpro.info:8080/live/190zih8du18vsyyf/190zih8du18vsyyf/1848.ts</link>
	</item>
</streaminginfo>

<!-- Italy Channels End -->

<!-- Sweden Channels Start -->

<streaminginfo>
	<cname>SVT 1</cname>
	<item>
	<title>High</title>
	<link>plugin://plugin.video.f4mTester/?streamtype=TSDOWNLOADER&amp;url=http://ipsatpro.info:8000/live/190zih8du18vsyyf/190zih8du18vsyyf/1118.ts</link>
	</item>
</streaminginfo>

<streaminginfo>
	<cname>SVT 2</cname>
	<item>
	<title>High</title>
	<link>plugin://plugin.video.f4mTester/?streamtype=TSDOWNLOADER&amp;url=http://ipsatpro.info:8000/live/190zih8du18vsyyf/190zih8du18vsyyf/1114.ts</link>
	</item>
</streaminginfo>

<streaminginfo>
	<cname>TV 3</cname>
	<item>
	<title>High</title>
	<link>plugin://plugin.video.f4mTester/?streamtype=TSDOWNLOADER&amp;url=http://ipsatpro.info:8000/live/190zih8du18vsyyf/190zih8du18vsyyf/1074.ts</link>
	</item>
</streaminginfo>

<streaminginfo>
	<cname>TV 4</cname>
	<item>
	<title>High</title>
	<link>plugin://plugin.video.f4mTester/?streamtype=TSDOWNLOADER&amp;url=http://ipsatpro.info:8000/live/190zih8du18vsyyf/190zih8du18vsyyf/1096.ts</link>
	</item>
</streaminginfo>

<streaminginfo>
	<cname>TV 4 Film</cname>
	<item>
	<title>High</title>
	<link>plugin://plugin.video.f4mTester/?streamtype=TSDOWNLOADER&amp;url=http://ipsatpro.info:8000/live/190zih8du18vsyyf/190zih8du18vsyyf/1112.ts</link>
	</item>
</streaminginfo>

<streaminginfo>
	<cname>TV 4 Guld</cname>
	<item>
	<title>High</title>
	<link>plugin://plugin.video.f4mTester/?streamtype=TSDOWNLOADER&amp;url=http://ipsatpro.info:8000/live/190zih8du18vsyyf/190zih8du18vsyyf/1097.ts</link>
	</item>
</streaminginfo>

<streaminginfo>
	<cname>TV 4 Fakta</cname>
	<item>
	<title>High</title>
	<link>plugin://plugin.video.f4mTester/?streamtype=TSDOWNLOADER&amp;url=http://ipsatpro.info:8000/live/190zih8du18vsyyf/190zih8du18vsyyf/1086.ts</link>
	</item>
</streaminginfo>

<streaminginfo>
	<cname>TV 5</cname>
	<item>
	<title>High</title>
	<link>plugin://plugin.video.f4mTester/?streamtype=TSDOWNLOADER&amp;url=http://ipsatpro.info:8000/live/190zih8du18vsyyf/190zih8du18vsyyf/1100.ts</link>
	</item>
</streaminginfo>

<streaminginfo>
	<cname>TV 6</cname>
	<item>
	<title>High</title>
	<link>plugin://plugin.video.f4mTester/?streamtype=TSDOWNLOADER&amp;url=http://ipsatpro.info:8000/live/190zih8du18vsyyf/190zih8du18vsyyf/1130.ts</link>
	</item>
</streaminginfo>

<streaminginfo>
	<cname>TV 7</cname>
	<item>
	<title>High</title>
	<link>plugin://plugin.video.f4mTester/?streamtype=TSDOWNLOADER&amp;url=http://ipsatpro.info:8000/live/190zih8du18vsyyf/190zih8du18vsyyf/1103.ts</link>
	</item>
</streaminginfo>
<streaminginfo>
	<cname>TV 8</cname>
	<item>
	<title>High</title>
	<link>plugin://plugin.video.f4mTester/?streamtype=TSDOWNLOADER&amp;url=http://ipsatpro.info:8000/live/190zih8du18vsyyf/190zih8du18vsyyf/1098.ts</link>
	</item>
</streaminginfo>
<streaminginfo>
	<cname>TV 9</cname>
	<item>
	<title>High</title>
	<link>plugin://plugin.video.f4mTester/?streamtype=TSDOWNLOADER&amp;url=http://ipsatpro.info:8000/live/190zih8du18vsyyf/190zih8du18vsyyf/1119.ts</link>
	</item>
</streaminginfo>

<streaminginfo>
	<cname>TV 10 SV</cname>
	<item>
	<title>High</title>
	<link>plugin://plugin.video.f4mTester/?streamtype=TSDOWNLOADER&amp;url=http://ipsatpro.info:8000/live/190zih8du18vsyyf/190zih8du18vsyyf/1087.ts</link>
	</item>
</streaminginfo>

<streaminginfo>
	<cname>TV 11</cname>
	<item>
	<title>High</title>
	<link>plugin://plugin.video.f4mTester/?streamtype=TSDOWNLOADER&amp;url=http://ipsatpro.info:8000/live/190zih8du18vsyyf/190zih8du18vsyyf/1099.ts</link>
	</item>
</streaminginfo>

<streaminginfo>
	<cname>TV 12</cname>
	<item>
	<title>High</title>
	<link>plugin://plugin.video.f4mTester/?streamtype=TSDOWNLOADER&amp;url=http://ipsatpro.info:8000/live/190zih8du18vsyyf/190zih8du18vsyyf/1095.ts</link>
	</item>
</streaminginfo>

<streaminginfo>
	<cname>Kunskapskanalen</cname>
	<item>
	<title>High</title>
	<link>plugin://plugin.video.f4mTester/?streamtype=TSDOWNLOADER&amp;url=http://ipsatpro.info:8000/live/190zih8du18vsyyf/190zih8du18vsyyf/1104.ts</link>
	</item>
</streaminginfo>
<streaminginfo>
	<cname>TLC</cname>
	<item>
	<title>High</title>
	<link>plugin://plugin.video.f4mTester/?streamtype=TSDOWNLOADER&amp;url=http://ipsatpro.info:8000/live/190zih8du18vsyyf/190zih8du18vsyyf/1084.ts</link>
	</item>
</streaminginfo>
<streaminginfo>
	<cname>TNT</cname>
	<item>
	<title>High</title>
	<link>plugin://plugin.video.f4mTester/?streamtype=TSDOWNLOADER&amp;url=http://ipsatpro.info:8000/live/190zih8du18vsyyf/190zih8du18vsyyf/1075.ts</link>
	</item>
</streaminginfo>
<streaminginfo>
	<cname>FOX</cname>
	<item>
	<title>High</title>
	<link>plugin://plugin.video.f4mTester/?streamtype=TSDOWNLOADER&amp;url=http://ipsatpro.info:8000/live/190zih8du18vsyyf/190zih8du18vsyyf/1078.ts</link>
	</item>
</streaminginfo>
<streaminginfo>
	<cname>Discovery Channel</cname>
	<item>
	<title>High</title>
	<link>plugin://plugin.video.f4mTester/?streamtype=TSDOWNLOADER&amp;url=http://ipsatpro.info:8080/live/190zih8du18vsyyf/190zih8du18vsyyf/1083.ts</link>
	</item>
</streaminginfo>
<streaminginfo>
	<cname>National Geographic</cname>
	<item>
	<title>High</title>
	<link>plugin://plugin.video.f4mTester/?streamtype=TSDOWNLOADER&amp;url=http://ipsatpro.info:8000/live/190zih8du18vsyyf/190zih8du18vsyyf/1079.ts</link>
	</item>
</streaminginfo>

<streaminginfo>
	<cname>SF-Kanalen</cname>
	<item>
	<title>High</title>
	<link>plugin://plugin.video.f4mTester/?streamtype=TSDOWNLOADER&amp;url=http://ipsatpro.info:8000/live/190zih8du18vsyyf/190zih8du18vsyyf/1073.ts</link>
	</item>
</streaminginfo>

<streaminginfo>
	<cname>Comedy Central</cname>
	<item>
	<title>High</title>
	<link>plugin://plugin.video.f4mTester/?streamtype=TSDOWNLOADER&amp;url=http://ipsatpro.info:8080/live/190zih8du18vsyyf/190zih8du18vsyyf/1082.ts</link>
	</item>
</streaminginfo>

<streaminginfo>
	<cname>C more Hits</cname>
	<item>
	<title>High</title>
	<link>plugin://plugin.video.f4mTester/?streamtype=TSDOWNLOADER&amp;url=http://ipsatpro.info:8000/live/190zih8du18vsyyf/190zih8du18vsyyf/1107.ts</link>
	</item>
</streaminginfo>

<streaminginfo>
	<cname>C more First</cname>
	<item>
	<title>High</title>
	<link>plugin://plugin.video.f4mTester/?streamtype=TSDOWNLOADER&amp;url=http://ipsatpro.info:8000/live/190zih8du18vsyyf/190zih8du18vsyyf/1108.ts</link>
	</item>
</streaminginfo>

<streaminginfo>
	<cname>C more Stars HD</cname>
	<item>
	<title>High</title>
	<link>plugin://plugin.video.f4mTester/?streamtype=TSDOWNLOADER&amp;url=http://ipsatpro.info:8000/live/190zih8du18vsyyf/190zih8du18vsyyf/1136.ts</link>
	</item>
</streaminginfo>

<streaminginfo>
	<cname>C more Series</cname>
	<item>
	<title>High</title>
	<link>plugin://plugin.video.f4mTester/?streamtype=TSDOWNLOADER&amp;url=http://ipsatpro.info:8000/live/190zih8du18vsyyf/190zih8du18vsyyf/1111.ts</link>
	</item>
</streaminginfo>

<streaminginfo>
	<cname>C More Fotboll</cname>
	<item>
	<title>High</title>
	<link>plugin://plugin.video.f4mTester/?streamtype=TSDOWNLOADER&amp;url=http://ipsatpro.info:8000/live/190zih8du18vsyyf/190zih8du18vsyyf/1090.ts</link>
	</item>
</streaminginfo>
<streaminginfo>
	<cname>C More Golf</cname>
	<item>
	<title>High</title>
	<link>plugin://plugin.video.f4mTester/?streamtype=TSDOWNLOADER&amp;url=http://ipsatpro.info:8000/live/190zih8du18vsyyf/190zih8du18vsyyf/1116.ts</link>
	</item>
</streaminginfo>

<streaminginfo>
	<cname>C more Sport</cname>
	<item>
	<title>High</title>
	<link>plugin://plugin.video.f4mTester/?streamtype=TSDOWNLOADER&amp;url=http://ipsatpro.info:8000/live/190zih8du18vsyyf/190zih8du18vsyyf/1093.ts</link>
	</item>
</streaminginfo>
<streaminginfo>
	<cname>C More Hockey</cname>
	<item>
	<title>High</title>
	<link>plugin://plugin.video.f4mTester/?streamtype=TSDOWNLOADER&amp;url=http://ipsatpro.info:8000/live/190zih8du18vsyyf/190zih8du18vsyyf/1091.ts</link>
	</item>
</streaminginfo>

<streaminginfo>
	<cname>C more Live</cname>
	<item>
	<title>High</title>
	<link>plugin://plugin.video.f4mTester/?streamtype=TSDOWNLOADER&amp;url=http://ipsatpro.info:8000/live/190zih8du18vsyyf/190zih8du18vsyyf/1106.ts</link>
	</item>
</streaminginfo>
<streaminginfo>
	<cname>C more Live 2</cname>
	<item>
	<title>High</title>
	<link>plugin://plugin.video.f4mTester/?streamtype=TSDOWNLOADER&amp;url=http://ipsatpro.info:8000/live/190zih8du18vsyyf/190zih8du18vsyyf/1163.ts</link>
	</item>
</streaminginfo>
<streaminginfo>
	<cname>C more Live 3</cname>
	<item>
	<title>High</title>
	<link>plugin://plugin.video.f4mTester/?streamtype=TSDOWNLOADER&amp;url=http://ipsatpro.info:8000/live/190zih8du18vsyyf/190zih8du18vsyyf/1164.ts</link>
	</item>
</streaminginfo>
<streaminginfo>
	<cname>C more Live 4</cname>
	<item>
	<title>High</title>
	<link>plugin://plugin.video.f4mTester/?streamtype=TSDOWNLOADER&amp;url=http://ipsatpro.info:8000/live/190zih8du18vsyyf/190zih8du18vsyyf/1165.ts</link>
	</item>
</streaminginfo>
<streaminginfo>
	<cname>Eurosport</cname>
	<item>
	<title>High</title>
	<link>plugin://plugin.video.f4mTester/?streamtype=TSDOWNLOADER&amp;url=http://ipsatpro.info:8000/live/190zih8du18vsyyf/190zih8du18vsyyf/1159.ts</link>
	</item>
</streaminginfo>
<streaminginfo>
	<cname>Eurosport 2</cname>
	<item>
	<title>High</title>
	<link>plugin://plugin.video.f4mTester/?streamtype=TSDOWNLOADER&amp;url=http://ipsatpro.info:8000/live/190zih8du18vsyyf/190zih8du18vsyyf/1160.ts</link>
	</item>
</streaminginfo>

<streaminginfo>
	<cname>Viasat Hits</cname>
	<item>
	<title>High</title>
	<link>plugin://plugin.video.f4mTester/?streamtype=TSDOWNLOADER&amp;url=http://ipsatpro.info:8000/live/190zih8du18vsyyf/190zih8du18vsyyf/1094.ts</link>
	</item>
</streaminginfo>
<streaminginfo>
	<cname>Viasat History</cname>
	<item>
	<title>High</title>
	<link>plugin://plugin.video.f4mTester/?streamtype=TSDOWNLOADER&amp;url=http://ipsatpro.info:8000/live/190zih8du18vsyyf/190zih8du18vsyyf/1102.ts</link>
	</item>
</streaminginfo>

<streaminginfo>
	<cname>Viasat E!</cname>
	<item>
	<title>High</title>
	<link>plugin://plugin.video.f4mTester/?streamtype=TSDOWNLOADER&amp;url=http://ipsatpro.info:8000/live/190zih8du18vsyyf/190zih8du18vsyyf/1131.ts</link>
	</item>
</streaminginfo>

<streaminginfo>
	<cname>Viasat Film Premiere</cname>
	<item>
	<title>High</title>
	<link>plugin://plugin.video.f4mTester/?streamtype=TSDOWNLOADER&amp;url=http://ipsatpro.info:8000/live/190zih8du18vsyyf/190zih8du18vsyyf/1121.ts</link>
	</item>
</streaminginfo>
<streaminginfo>
	<cname>Viasat Action</cname>
	<item>
	<title>High</title>
	<link>plugin://plugin.video.f4mTester/?streamtype=TSDOWNLOADER&amp;url=http://ipsatpro.info:8000/live/190zih8du18vsyyf/190zih8du18vsyyf/1092.ts</link>
	</item>
</streaminginfo>
<streaminginfo>
	<cname>Viasat Series</cname>
	<item>
	<title>High</title>
	<link>plugin://plugin.video.f4mTester/?streamtype=TSDOWNLOADER&amp;url=http://ipsatpro.info:8000/live/190zih8du18vsyyf/190zih8du18vsyyf/1123.ts</link>
	</item>
</streaminginfo>

<streaminginfo>
	<cname>Viasat Nature</cname>
	<item>
	<title>High</title>
	<link>plugin://plugin.video.f4mTester/?streamtype=TSDOWNLOADER&amp;url=http://ipsatpro.info:8000/live/190zih8du18vsyyf/190zih8du18vsyyf/1133.ts</link>
	</item>
</streaminginfo>
<streaminginfo>
	<cname>Viasat Family</cname>
	<item>
	<title>High</title>
	<link>plugin://plugin.video.f4mTester/?streamtype=TSDOWNLOADER&amp;url=http://ipsatpro.info:8000/live/190zih8du18vsyyf/190zih8du18vsyyf/1125.ts</link>
	</item>
</streaminginfo>

<streaminginfo>
	<cname>Viasat Sport</cname>
	<item>
	<title>High</title>
	<link>plugin://plugin.video.f4mTester/?streamtype=TSDOWNLOADER&amp;url=http://ipsatpro.info:8000/live/190zih8du18vsyyf/190zih8du18vsyyf/1126.ts</link>
	</item>
</streaminginfo>
<streaminginfo>
	<cname>Viasat Sport Premium HD</cname>
	<item>
	<title>High</title>
	<link>plugin://plugin.video.f4mTester/?streamtype=TSDOWNLOADER&amp;url=http://ipsatpro.info:8000/live/190zih8du18vsyyf/190zih8du18vsyyf/1117.ts</link>
	</item>
</streaminginfo>
<streaminginfo>
	<cname>Viasat Fotboll</cname>
	<item>
	<title>High</title>
	<link>plugin://plugin.video.f4mTester/?streamtype=TSDOWNLOADER&amp;url=http://ipsatpro.info:8000/live/190zih8du18vsyyf/190zih8du18vsyyf/1124.ts</link>
	</item>
</streaminginfo>
<streaminginfo>
	<cname>Viasat Motor</cname>
	<item>
	<title>High</title>
	<link>plugin://plugin.video.f4mTester/?streamtype=TSDOWNLOADER&amp;url=http://ipsatpro.info:8000/live/190zih8du18vsyyf/190zih8du18vsyyf/1129.ts</link>
	</item>
</streaminginfo>
<streaminginfo>
	<cname>Viasat Hockey</cname>
	<item>
	<title>High</title>
	<link>plugin://plugin.video.f4mTester/?streamtype=TSDOWNLOADER&amp;url=http://ipsatpro.info:8000/live/190zih8du18vsyyf/190zih8du18vsyyf/1128.ts</link>
	</item>
</streaminginfo>
<streaminginfo>
	<cname>Viasat Golf</cname>
	<item>
	<title>High</title>
	<link>plugin://plugin.video.f4mTester/?streamtype=TSDOWNLOADER&amp;url=http://ipsatpro.info:8000/live/190zih8du18vsyyf/190zih8du18vsyyf/1132.ts</link>
	</item>
</streaminginfo>

<streaminginfo>
	<cname>Barn Kanalen</cname>
	<item>
	<title>High</title>
	<link>plugin://plugin.video.f4mTester/?streamtype=TSDOWNLOADER&amp;url=http://ipsatpro.info:8080/live/190zih8du18vsyyf/190zih8du18vsyyf/1113.ts</link>
	</item>
</streaminginfo>
<streaminginfo>
	<cname>Nickelodeon</cname>
	<item>
	<title>High2</title>
	<link>plugin://plugin.video.f4mTester/?streamtype=TSDOWNLOADER&amp;url=http://ipsatpro.info:8080/live/190zih8du18vsyyf/190zih8du18vsyyf/1161.ts</link>
	</item>
</streaminginfo>
<streaminginfo>
	<cname>Nickelodeon</cname>
	<item>
	<title>High</title>
	<link>plugin://plugin.video.f4mTester/?streamtype=TSDOWNLOADER&amp;url=http://ipsatpro.info:8000/live/190zih8du18vsyyf/190zih8du18vsyyf/1127.ts</link>
	</item>
</streaminginfo>

<streaminginfo>
	<cname>Cartoon  Network</cname>
	<item>
	<title>High 2</title>
	<link>plugin://plugin.video.f4mTester/?streamtype=TSDOWNLOADER&amp;url=http://ipsatpro.info:8080/live/190zih8du18vsyyf/190zih8du18vsyyf/1101.ts</link>
	</item>
</streaminginfo>
<streaminginfo>
	<cname>Cartoon  Network</cname>
	<item>
	<title>High</title>
	<link>plugin://plugin.video.f4mTester/?streamtype=TSDOWNLOADER&amp;url=http://ipsatpro.info:8000/live/190zih8du18vsyyf/190zih8du18vsyyf/1162.ts</link>
	</item>
</streaminginfo>
<streaminginfo>
	<cname>Disney XD</cname>
	<item>
	<title>High</title>
	<link>plugin://plugin.video.f4mTester/?streamtype=TSDOWNLOADER&amp;url=http://ipsatpro.info:8000/live/190zih8du18vsyyf/190zih8du18vsyyf/1109.ts</link>
	</item>
</streaminginfo>
<streaminginfo>
	<cname>Disney</cname>
	<item>
	<title>High</title>
	<link>plugin://plugin.video.f4mTester/?streamtype=TSDOWNLOADER&amp;url=http://ipsatpro.info:8000/live/190zih8du18vsyyf/190zih8du18vsyyf/1088.ts</link>
	</item>
</streaminginfo>

<streaminginfo>
	<cname>Animal planet</cname>
	<item>
	<title>High</title>
	<link>plugin://plugin.video.f4mTester/?streamtype=TSDOWNLOADER&amp;url=http://ipsatpro.info:8080/live/190zih8du18vsyyf/190zih8du18vsyyf/1134.ts</link>
	</item>
</streaminginfo>
<streaminginfo>
	<cname>ID</cname>
	<item>
	<title>High</title>
	<link>plugin://plugin.video.f4mTester/?streamtype=TSDOWNLOADER&amp;url=http://ipsatpro.info:8080/live/190zih8du18vsyyf/190zih8du18vsyyf/1105.ts</link>
	</item>
</streaminginfo>

<!-- Sweden Channels END -->
<!-- Norway Channels START -->

<streaminginfo>
	<cname>NRK1</cname>
	<item>
	<title>High</title>
	<link>plugin://plugin.video.f4mTester/?streamtype=TSDOWNLOADER&amp;url=http://ipsatpro.info:8000/live/190zih8du18vsyyf/190zih8du18vsyyf/1193.ts</link>
	</item>
</streaminginfo>
<streaminginfo>
	<cname>NRK2</cname>
	<item>
	<title>High</title>
	<link>plugin://plugin.video.f4mTester/?streamtype=TSDOWNLOADER&amp;url=http://ipsatpro.info:8000/live/190zih8du18vsyyf/190zih8du18vsyyf/1194.ts</link>
	</item>
</streaminginfo>

<streaminginfo>
	<cname>TVB DK</cname>
	<item>
	<title>High</title>
	<link>plugin://plugin.video.f4mTester/?streamtype=TSDOWNLOADER&amp;url=http://ipsatpro.info:8000/live/190zih8du18vsyyf/190zih8du18vsyyf/1081.ts</link>
	</item>
</streaminginfo>
<streaminginfo>
	<cname>TV 3 NO</cname>
	<item>
	<title>High</title>
	<link>plugin://plugin.video.f4mTester/?streamtype=TSDOWNLOADER&amp;url=http://ipsatpro.info:8080/live/190zih8du18vsyyf/190zih8du18vsyyf/1144.ts</link>
	</item>
</streaminginfo>
<streaminginfo>
	<cname>Kanal 6 DK</cname>
	<item>
	<title>High</title>
	<link>plugin://plugin.video.f4mTester/?streamtype=TSDOWNLOADER&amp;url=http://ipsatpro.info:8000/live/190zih8du18vsyyf/190zih8du18vsyyf/1145.ts</link>
	</item>
</streaminginfo>

<streaminginfo>
	<cname>DR1 DK</cname>
	<item>
	<title>High</title>
	<link>plugin://plugin.video.f4mTester/?streamtype=TSDOWNLOADER&amp;url=http://ipsatpro.info:8080/live/190zih8du18vsyyf/190zih8du18vsyyf/1150.ts</link>
	</item>
</streaminginfo>
<streaminginfo>
	<cname>DR2 DK</cname>
	<item>
	<title>High</title>
	<link>plugin://plugin.video.f4mTester/?streamtype=TSDOWNLOADER&amp;url=http://ipsatpro.info:8080/live/190zih8du18vsyyf/190zih8du18vsyyf/1151.ts</link>
	</item>
</streaminginfo>
<streaminginfo>
	<cname>DR3 DK</cname>
	<item>
	<title>High</title>
	<link>plugin://plugin.video.f4mTester/?streamtype=TSDOWNLOADER&amp;url=http://ipsatpro.info:8080/live/190zih8du18vsyyf/190zih8du18vsyyf/1152.ts</link>
	</item>
</streaminginfo>
<streaminginfo>
	<cname>Kanal3 DK</cname>
	<item>
	<title>High</title>
	<link>plugin://plugin.video.f4mTester/?streamtype=TSDOWNLOADER&amp;url=http://ipsatpro.info:8000/live/190zih8du18vsyyf/190zih8du18vsyyf/1157.ts</link>
	</item>
</streaminginfo>

<streaminginfo>
	<cname>Kanal2 DK</cname>
	<item>
	<title>High</title>
	<link>plugin://plugin.video.f4mTester/?streamtype=TSDOWNLOADER&amp;url=http://ipsatpro.info:8000/live/190zih8du18vsyyf/190zih8du18vsyyf/1143.ts</link>
	</item>
</streaminginfo>
<streaminginfo>
	<cname>Kanal2 News DK</cname>
	<item>
	<title>High</title>
	<link>plugin://plugin.video.f4mTester/?streamtype=TSDOWNLOADER&amp;url=http://ipsatpro.info:8000/live/190zih8du18vsyyf/190zih8du18vsyyf/1156.ts</link>
	</item>
</streaminginfo>

</streamingInfos>
